id,name,addr,lat,lng,dong,detailtype,detailtype_str,detailtype2_str
0,날외15,제주특별자치도 서귀포시 대정읍 일과대수로 15,33.2397156098004,126.231972507922,대정읍,6,한식,단품요리 전문
1,열정국밥시청점,제주특별자치도 제주시 동고산로 14-1,33.4982812932914,126.5326256661,이도2동,6,한식,국밥
2,킹마트분식,제주특별자치도 서귀포시 천제연로 154-1 1층,33.2523903057015,126.421193872043,중문동,6,분식,분식
3,아임누,제주특별자치도 제주시 선덕로8길 12 1층 로비,33.4843969559424,126.500371293881,연동,6,한식,단품요리 전문
4,카페신산,제주특별자치도 제주시 동광로9길 19,33.5039627066058,126.532322637565,이도1동,4,음료,커피
5,오늘은막창먹자,제주특별자치도 제주시 동고산로 11,33.4984446928982,126.532275475664,이도2동,6,한식,막창
6,제주한우앤돈본점,제주특별자치도 제주시 오라로 50 1층,33.4961727744556,126.508562852177,오라동,6,한식,소고기
7,장모술상,제주특별자치도 제주시 우정로11길 14,33.4876697402887,126.432385608836,외도동,6,한식,가정식
8,30년할매닭발모슬포점,제주특별자치도 서귀포시 대정읍 하모중앙로68번길 2-1,33.222539969498,126.251942376294,대정읍,6,한식,단품요리 전문
9,라멘맛심,제주특별자치도 제주시 신대로9길 7 1층,33.4908651776002,126.4976988307,연동,1,아시아음식,일식
10,올레차이나타운,제주특별자치도 서귀포시 법환로 2,33.2363251022304,126.51498226922,대륜동,1,아시아음식,중식
11,왕일이네식당,제주특별자치도 서귀포시 표선면 중산간동로 4592,33.3891147400676,126.804961505907,이도2동,6,한식,가정식
12,용의성,제주특별자치도 제주시 서사로 144 1층,33.4994115988413,126.519630649567,삼도1동,1,아시아음식,중식
13,서유기마라탕앤딤섬연동점,제주특별자치도 제주시 과원로 128,33.4806950788032,126.494650091938,연동,3,주점및주류판매,중식
14,소문난 두루치기,제주특별자치도 제주시 우정로 17,33.4912125255095,126.4311650824,외도동,6,한식,가정식
15,타이거타코,제주특별자치도 제주시 구남동4길 40 1층,33.4874127693613,126.536106903872,이도2동,6,한식,커피
16,쌈짓골,제주특별자치도 제주시 조천읍 함대로 303,33.517890915667,126.659803851616,조천읍,6,한식,가정식
17,부두회수산,제주특별자치도 서귀포시 칠십리로 94 1층,33.2406163010164,126.565701743287,송산동,1,아시아음식,회
18,파라디스코,제주특별자치도 제주시 광양8길 17 1층,33.4996867358406,126.527596058254,이도2동,6,한식,단품요리 전문
19,코지오베르쥬,제주특별자치도 제주시 연화로2길 17-5 1층,33.4779943343788,126.488993645506,연동,6,한식,단품요리 전문
20,싱겟물바당,제주특별자치도 제주시 천수로6길 5,33.5029143341732,126.541927329001,이도2동,6,한식,단품요리 전문
21,마피아떡볶이제주노형점,제주특별자치도 제주시 정원로 53-1 1층,33.4771339388759,126.47755224554,노형동,4,간식,분식
22,숯며들닭,제주특별자치도 제주시 우도면 우도해안길 768 1층,33.517162938262,126.958382938712,우도면,6,한식,치킨
23,개가게를판다,제주특별자치도 제주시 서해안로 494,33.5193473448327,126.491938017402,용담2동,6,한식,단품요리 전문
24,36.5도여름 남쪽점,제주특별자치도 제주시 애월읍 애납로 165 1층,33.4394045795819,126.328234312954,애월읍,4,카페,커피
25,제주오복단,제주특별자치도 제주시 남광북1길 39 1층,33.4966792316091,126.537377014683,이도2동,6,한식,가정식
26,보람순대국밥,제주특별자치도 제주시 한림읍 한림북동길 17,33.4166168348787,126.263847407799,한림읍,6,한식,국밥
27,동춘돌곱창제주서귀포점,제주특별자치도 서귀포시 동홍동로25번길 19,33.2572194347087,126.572667313843,동홍동,6,한식,곱창
28,수일통닭강정점,제주특별자치도 서귀포시 이어도로 565,33.236562675366,126.477167431048,대천동,5,패스트푸드,치킨
29,제리스펍,제주특별자치도 서귀포시 솔동산로 20 2층,33.2431504372879,126.563721018229,송산동,2,양식,양식
30,제주흑돈만두강정점,제주특별자치도 서귀포시 이어도로 578-1,33.2359106861013,126.478429287459,대천동,6,한식,만두
31,돈까스튀기는서대리,제주특별자치도 제주시 선덕로8길 26 비산쉐르빌 가동 1층 103호,33.4833666884722,126.500725061534,연동,6,한식,돈까스
32,면장댁,제주특별자치도 제주시 신성로10길 16,33.4953887296435,126.529984440685,이도2동,6,한식,가정식
33,고향각재기,제주특별자치도 제주시 구남동5길 1,33.489597890111,126.539131789097,이도2동,6,한식,단품요리 전문
34,싱싱프루츠외도점,제주특별자치도 제주시 진군1길 8 1층,33.4791259957357,126.481198097188,외도동,6,한식,단품요리 전문
35,마왕족발제주시청점,제주특별자치도 제주시 신성로 109-1,33.4973856144637,126.530493522826,이도2동,6,한식,족발
36,우도우돈,제주특별자치도 제주시 우도면 우도로 188,33.5086411659151,126.953545409046,우도면,6,한식,돼지고기
37,해피누들,제주특별자치도 제주시 조천읍 함덕14길 16 1층,33.5406574428135,126.666004218067,조천읍,6,한식,단품요리 전문
38,막쇠,제주특별자치도 제주시 제원길 12 1층,33.4890019172536,126.489243414306,동홍동,6,한식,가정식
39,솔트스톤골드점,제주특별자치도 제주시 일주동로 331,33.5215213240762,126.580310282814,삼양동,6,한식,단품요리 전문
40,제주다올,제주특별자치도 제주시 도두항서7길 9 1층,33.5032836603475,126.464328979444,도두동,6,한식,단품요리 전문
41,멕시카나치킨 첨단점,제주특별자치도 제주시 첨단로동길 106,33.4514056198512,126.576477232026,아라동,5,패스트푸드,치킨
42,AND YU (앤드유),제주특별자치도 제주시 한림읍 한림로 518 1층,33.404631622892,126.254178270112,한림읍,6,한식,단품요리 전문
43,큰가름본점,제주특별자치도 제주시 도남로 65,33.4944853880068,126.527911729203,이도2동,6,한식,가정식
44,강선장당일바리,제주특별자치도 제주시 다랑곶4길 35 1층,33.4892229417644,126.478816826611,노형동,6,한식,가정식
45,굽네치킨한림점,제주특별자치도 제주시 한림읍 한림상로 158-1,33.4124323839943,126.269031014766,한림읍,5,패스트푸드,치킨
46,더솔트랩,제주특별자치도 제주시 아란8길 7 1층,33.473326885635,126.544768108899,아라동,6,한식,단품요리 전문
47,올레2번가갈비,제주특별자치도 서귀포시 서문로 31,33.2500888931442,126.558725270289,천지동,6,한식,갈비
48,소낭식당,제주특별자치도 서귀포시 남원읍 일주동로 7905,33.2658502550371,126.641257852647,조천읍,6,한식,단품요리 전문
49,문동일셰프,제주특별자치도 제주시 애월읍 하귀동남4길 13-1,33.4818689264343,126.413089283632,애월읍,6,한식,단품요리 전문
50,베롱베롱 in 행원,제주특별자치도 제주시 구좌읍 해맞이해안로 820-38 1층,33.5534625061581,126.822487676639,구좌읍,6,한식,가정식
51,베러댄버터,제주특별자치도 제주시 월랑로2길 30 1층,33.4882649950583,126.481696029589,노형동,4,음료,커피
52,오예끄,제주특별자치도 제주시 광양13길 6-2 1층,33.4985938864801,126.531244275448,이도2동,6,한식,단품요리 전문
53,곤지암한우소머리국밥제주아라점,제주특별자치도 제주시 아란5길 19-5 1층,33.4751097155237,126.5443542685,아라동,6,한식,소고기
54,카페파노,제주특별자치도 제주시 남광로 170 1층,33.5003157386527,126.551731666643,일도2동,4,음료,커피
55,통큰불곱창,제주특별자치도 제주시 연삼로 503,33.5006700214728,126.54303209871,이도2동,6,한식,가정식
56,유람위드북스,제주특별자치도 제주시 한경면 조수동2길 54-36,33.33974306784,126.234772700518,한경면,6,한식,커피
57,피자홍플러스,제주특별자치도 제주시 연수로4길 19 1층,33.5037009333495,126.544827519415,일도2동,5,패스트푸드,피자
58,중문아구찜,제주특별자치도 서귀포시 천제연로 191,33.2518437917327,126.424994501653,중문동,6,한식,아구찜
59,도남설렁탕집밥,제주특별자치도 제주시 조천읍 남조로 3042-1,33.5315987610729,126.644586988678,조천읍,6,한식,단품요리 전문
60,호식이두마리치킨 용담로터리점,제주특별자치도 제주시 용문로 165,33.5093643340721,126.511074884952,용담2동,5,패스트푸드,치킨
61,달마숯불갈비,제주특별자치도 제주시 중앙로7길 25,33.5148982897059,126.527405874314,일도1동,6,한식,가정식
62,신촌구옥,제주특별자치도 제주시 조천읍 신촌3길 13 1층,33.5342498844094,126.618521599912,조천읍,4,음료,커피
63,새솔숯불갈비,제주특별자치도 서귀포시 중산간동로 8016-3 1층,33.2645734787501,126.560228522966,동홍동,6,한식,갈비
64,도남그집,제주특별자치도 제주시 독짓골2길 9 1층,33.4913693722153,126.529590050909,이도2동,6,한식,단품요리 전문
65,커피핌,제주특별자치도 제주시 신대로16길 6 1층,33.4869057278854,126.495608128335,연동,6,한식,커피
66,천지연숯화로구이,제주특별자치도 서귀포시 안덕면 화순로 154-7 1층,33.2474174088143,126.32973295364,안덕면,6,한식,가정식
67,네꼬야밀크티샵,제주특별자치도 제주시 애월읍 하가로 167-1,33.4552850412552,126.348265850717,애월읍,4,음료,커피
68,안트레오젠,제주특별자치도 제주시 애월읍 곽지1길 16,33.4476811704402,126.304572581548,애월읍,5,패스트푸드,치킨
69,골목깡통구이,제주특별자치도 서귀포시 천제연로185번길 6,33.2522005727633,126.424606601539,중문동,6,한식,가정식
70,멍텅구리24시,제주특별자치도 제주시 도남로 31-1,33.4972347112374,126.526236036675,이도2동,6,한식,가정식
71,탕탕이1호점,제주특별자치도 제주시 도남로7길 46 1층,33.4962366573683,126.527135392585,이도2동,6,한식,가정식
72,구구토종닭,제주특별자치도 제주시 조천읍 남조로 1767 1층,33.4253992282069,126.674415393226,조천읍,6,한식,단품요리 전문
73,준이자까야,제주특별자치도 제주시 국기로 6,33.4812903332808,126.489638994896,연동,3,주점및주류판매,맥주/요리주점
74,그옛맛,제주특별자치도 제주시 서사로24길 12,33.4984850821394,126.518574808979,삼도1동,6,한식,가정식
75,동서순대,제주특별자치도 서귀포시 중앙로101번길 20,33.2536186006684,126.558676515612,서홍동,6,한식,순대
76,뙤미,제주특별자치도 서귀포시 남원읍 태위로 86,33.2740923191246,126.656643750375,남원읍,6,한식,단품요리 전문
77,동홍돈,제주특별자치도 서귀포시 동홍남로 51,33.2570641726436,126.573822902676,동홍동,6,한식,돼지고기
78,테이크썸윌리,제주특별자치도 제주시 중앙로 337 다우빌딩 1층 105호,33.4914901645134,126.537246969878,이도2동,6,한식,단품요리 전문
79,제주냉동삼겹살제주산,제주특별자치도 서귀포시 이중섭로 11 1층 111~113호,33.2470807983266,126.564458845032,정방동,6,한식,돼지고기
80,아지바라대학동점,제주특별자치도 제주시 용담로 50,33.5127793914241,126.50800445248,용담2동,6,한식,가정식
81,일  해야,제주특별자치도 제주시 신산로 42-1,33.5096066636167,126.532607625074,일도2동,6,한식,가정식
82,데일리커피앤디저트,제주특별자치도 제주시 수목원길 25 지하1층,33.4694736930733,126.487499820161,연동,6,한식,커피
83,페리카나치킨삼양도련점,제주특별자치도 제주시 삼봉로 115 미듬하나로맨션상가 103호,33.5113294435318,126.589537593286,삼양동,5,패스트푸드,치킨
84,일공구고깃집,제주특별자치도 서귀포시 중문로 72,33.2575408644787,126.426868268742,중문동,6,한식,가정식
85,육지것들,제주특별자치도 서귀포시 천제연로188번길 12,33.2505828963154,126.423947496672,중문동,6,한식,단품요리 전문
86,진군길40,제주특별자치도 제주시 진군길 40,33.4784905537526,126.480767658973,노형동,6,한식,단품요리 전문
87,신평올레,제주특별자치도 서귀포시 대정읍 신평로 11,33.2671713433534,126.259204583335,대정읍,6,한식,가정식
88,대학로황가네,제주특별자치도 제주시 광양13길 8 1층,33.498810152824,126.531308969372,이도2동,6,한식,가정식
89,명랑쌀핫도그 용두암점,제주특별자치도 제주시 용담로 64 1층,33.5125807226956,126.509469997875,용담2동,4,간식,베이커리
90,창영왕족발,제주특별자치도 제주시 태성로3길 12,33.499568125833,126.546131378899,일도2동,6,한식,가정식
91,춘천명동닭갈비노형점,제주특별자치도 제주시 월랑로 46,33.4895787573606,126.475622363332,노형동,6,한식,갈비
92,제주다옴돈까스,제주특별자치도 제주시 애월읍 광성로 86 1층,33.4584755248909,126.416503211026,애월읍,6,한식,돈까스
93,원조부안집연동점,제주특별자치도 제주시 신대로16길 41 1층 2호,33.4867636252058,126.492139331414,연동,6,한식,단품요리 전문
94,누구나홀딱반한닭대정점,제주특별자치도 서귀포시 대정읍 신영로 125-1,33.2230968692846,126.254641869773,대정읍,5,패스트푸드,치킨
95,굽네치킨화북삼양점,제주특별자치도 제주시 진동로1길 13,33.519498975625,126.56553921228,화북동,5,패스트푸드,치킨
96,24시뼈다귀탕삼화점,제주특별자치도 제주시 일주동로 222,33.5185836587012,126.569198754604,화북동,6,한식,해장국
97,허심탄회하게,제주특별자치도 서귀포시 천제연로188번길 4,33.2514902291562,126.424538287152,중문동,6,한식,가정식
98,카페송키,제주특별자치도 제주시 무근성안길 16 1층,33.515133918133,126.520193345,삼도2동,4,음료,커피
99,미향해장국남원점,제주특별자치도 서귀포시 남원읍 태위로 623,33.2777543262217,126.713222776921,남원읍,6,한식,해장국
100,봉수아피자서귀포지점,제주특별자치도 서귀포시 일주동로 8711 1층,33.2523979846901,126.557689598213,천지동,5,패스트푸드,피자
101,페리카나한림점,제주특별자치도 제주시 한림읍 한림중앙로 3-1,33.4143042423718,126.264877703045,한림읍,5,패스트푸드,치킨
102,아리랑양곱창,제주특별자치도 제주시 수덕9길 86-1,33.4829261850341,126.46983722808,노형동,6,한식,단품요리 전문
103,물꾸럭식당,제주특별자치도 서귀포시 대정읍 하모항구로 73-4,33.2201678858066,126.251368187458,대정읍,6,한식,가정식
104,즐마클럽,제주특별자치도 서귀포시 중앙로72번길 6,33.2509051632489,126.561740947648,중앙동,6,한식,가정식
105,산과들신제주점,제주특별자치도 제주시 월랑로4길 21,33.4888746705596,126.479313339441,연동,6,한식,가정식
106,가마솥애,제주특별자치도 제주시 고마로17길 5 1층,33.5057710598235,126.541740406732,일도2동,6,한식,가정식
107,한림뉴욕휴게음식점,제주특별자치도 제주시 한림읍 한림로 665-1,33.4146960880088,126.264241611384,한림읍,6,한식,가정식
108,동홍옛날통닭,제주특별자치도 서귀포시 동홍남로 57,33.2570315494536,126.574433047908,동홍동,5,패스트푸드,치킨
109,정직한통닭코스모스점,제주특별자치도 제주시 신대로 125,33.4860220377078,126.496840508859,연동,5,패스트푸드,치킨
110,탐라밥상,제주특별자치도 서귀포시 남원읍 위미중앙로241번길 24 1층,33.2744655192967,126.668069626096,남원읍,6,한식,가정식
111,오르막길호프앤소주,제주특별자치도 제주시 구남로 49,33.4911231040434,126.535001287074,이도2동,3,주점및주류판매,주류
112,소렉,제주특별자치도 제주시 은남2길 41 1층,33.4881895141161,126.49128710002,연동,6,한식,가정식
113,한림뉴욕제과,제주특별자치도 제주시 한림읍 한림로 665-1,33.4146960880088,126.264241611384,한림읍,4,베이커리.디저트,베이커리
114,디오니스토어제주점,제주특별자치도 제주시 월광로 149,33.4923244407498,126.473575948387,노형동,5,패스트푸드,치킨
115,고니노형점,제주특별자치도 제주시 다랑곶4길 2,33.4874949275751,126.481260750886,노형동,6,한식,단품요리 전문
116,티바두마리치킨서귀포점,제주특별자치도 서귀포시 태평로431번길 16 1층,33.2469681821792,126.566057376607,정방동,5,패스트푸드,치킨
117,엄마가차린밥상,제주특별자치도 제주시 연화로 49 1층,33.4773107104253,126.487412905983,동홍동,6,한식,도시락
118,미향해장국표선점,제주특별자치도 서귀포시 표선면 표선동서로 139,33.3169735119509,126.828189658283,표선면,6,한식,해장국
119,시쟈덕,제주특별자치도 제주시 신광로8길 20,33.4870735196773,126.488133231763,연동,6,한식,단품요리 전문
120,자연스러운식사,제주특별자치도 제주시 과원북2길 66-1,33.4787018775921,126.489380790838,연동,6,한식,가정식
121,고치글라,제주특별자치도 제주시 일주동로 366,33.5208841725461,126.584080157623,삼양동,6,한식,단품요리 전문
122,포35,제주특별자치도 제주시 문송길 35 1층,33.4864939467116,126.497399765255,연동,6,한식,단품요리 전문
123,동해물가든,제주특별자치도 서귀포시 선반로 394,33.2422051705746,126.467755272152,대천동,6,한식,고기
124,백년가약집밥,제주특별자치도 제주시 한경면 낙수로 41,33.3324648583081,126.225191266607,한경면,6,한식,가정식
125,하귀정담,제주특별자치도 제주시 중앙로12길 21 1층,33.5121221413997,126.522429300796,애월읍,6,한식,가정식
126,두모리이수사,제주특별자치도 제주시 한경면 두신로 112,33.3525862748969,126.18485848108,한경면,1,아시아음식,일식
127,큰들물 식당,제주특별자치도 제주시 신산로 32,33.5104375335534,126.532048658462,일도2동,6,한식,가정식
128,조남매구움과자,제주특별자치도 제주시 구좌읍 다랑쉬북로 61 비자림스테이 201동 1층,33.4921576692644,126.813314690743,구좌읍,6,한식,단품요리 전문
129,칠삭갈비,제주특별자치도 제주시 천수로8길 9,33.5033317407062,126.54274884819,일도2동,6,한식,가정식
130,난타오천 뜨란채점,제주특별자치도 제주시 정존11길 39,33.486739135662,126.47397008902,노형동,5,피자.치킨.햄버거,피자
131,제주밤밤,제주특별자치도 제주시 수덕로 33 1층,33.486676847118,126.473463247479,노형동,6,한식,단품요리 전문
132,라온CC골프연습장,제주특별자치도 제주시 한경면 용금로 998,33.3446191070975,126.278270296289,한경면,6,한식,단품요리 전문
133,폴라니포케제주이도점,제주특별자치도 제주시 박성내서길 2-10,33.4921754297232,126.539876322632,이도2동,2,양식,양식
134,마초면탁해안,제주특별자치도 제주시 노형로 89 2층,33.4649423421818,126.455168486651,노형동,6,한식,단품요리 전문
135,썸오브어스커피 some of us coffee,제주특별자치도 제주시 서문로 8 1층,33.5093264383109,126.512485974079,용담1동,6,한식,커피
136,심야식당낭만혼술,제주특별자치도 제주시 신대로20길 1,33.4834984441909,126.495988750028,연동,6,한식,단품요리 전문
137,홈팝참치제주서호점,제주특별자치도 서귀포시 신서로48번길 65 1층,33.2526980413413,126.512122785826,대륜동,1,아시아음식,일식
138,밥촐림,제주특별자치도 제주시 구남로 26,33.4895258361058,126.533201677517,이도2동,6,한식,가정식
139,오븐에빠진닭 서홍점,제주특별자치도 서귀포시 홍중로 76-3 1층,33.2593311357576,126.556192008932,서홍동,5,패스트푸드,치킨
140,자연몸국,제주특별자치도 제주시 중앙로 63-11,33.5117382505736,126.525057571502,이도1동,6,한식,가정식
141,연동계수나무집,제주특별자치도 제주시 연동11길 39,33.4862078334138,126.493404697411,연동,6,한식,가정식
142,맥반석식당,제주특별자치도 제주시 구좌읍 구좌로 57-1,33.5228125184349,126.857752787498,구좌읍,6,한식,가정식
143,하귀국수존,제주특별자치도 제주시 애월읍 하귀로 56,33.4802837490565,126.40330768237,애월읍,6,한식,면류
144,젤코바정낭,제주특별자치도 제주시 애월읍 하소로 1 1층,33.479680708684,126.399971499021,애월읍,6,한식,단품요리 전문
145,금화덕,제주특별자치도 서귀포시 천제연로 166 상가 1층,33.251891689448,126.422372624184,중문동,2,양식,양식
146,또장군,제주특별자치도 제주시 신대로10길 32,33.4910375537189,126.493267787859,연동,6,한식,가정식
147,난타오천연동점,제주특별자치도 제주시 연화로2길 7 1층,33.4775590078472,126.488132492261,연동,5,패스트푸드,피자
148,다올분식카페,제주특별자치도 서귀포시 동홍로 173,33.2638388392382,126.567531038214,동홍동,4,간식,분식
149,솔정가든,제주특별자치도 제주시 오라로12길 9,33.4939469004132,126.51494094821,오라동,6,한식,고기
150,송쿠쉐,제주특별자치도 제주시 신대로13길 43-8,33.488089336485,126.501288257746,연동,6,한식,가정식
151,써니의놀이터,제주특별자치도 서귀포시 이어도로 171 제민그린빌2차 1층,33.2392083971355,126.440023146175,한림읍,6,한식,단품요리 전문
152,춘천명동닭갈비 한림점,제주특별자치도 제주시 한림읍 한림상로 11,33.4053343937736,126.256789793478,한림읍,6,한식,가정식
153,오례밥집,제주특별자치도 제주시 조천읍 조천우회로 527 에덴빌리지2차 202동 1층 102호,33.5313985935189,126.665492506164,조천읍,6,한식,가정식
154,주야진,제주특별자치도 서귀포시 남원읍 위미중앙로 199,33.2726282208518,126.663558376167,남원읍,1,아시아음식,일식
155,담에랑또,제주특별자치도 서귀포시 서호중로 86 1층,33.2539664730257,126.522371366868,대륜동,2,양식,양식
156,동방명품치킨,제주특별자치도 제주시 번영로 527,33.4890402437703,126.597576372652,봉개동,5,패스트푸드,치킨
157,함덕피자클래스,제주특별자치도 제주시 조천읍 함덕16길 14 1층,33.5405281627605,126.667514946248,조천읍,5,패스트푸드,피자
158,채롱,제주특별자치도 제주시 진남로10길 21 1층,33.5212517698284,126.567396954647,삼양동,4,간식,베이커리
159,슈언니마카롱,제주특별자치도 서귀포시 이어도로 931 1층,33.2383255628937,126.51369293186,대륜동,4,간식,마카롱
160,차이메이,제주특별자치도 제주시 신설로9길 37,33.4952280449615,126.547095284394,이도2동,1,아시아음식,중식
161,중문쌍둥이회포차,제주특별자치도 서귀포시 천제연로 193,33.2518525720595,126.425177513578,중문동,6,한식,가정식
162,중문아리랑,제주특별자치도 서귀포시 1100로 38,33.2539480816606,126.434034075274,중문동,6,한식,가정식
163,오토꼬연동지점,제주특별자치도 제주시 신대로18길 56 1층,33.484908066249,126.490450141751,연동,6,한식,단품요리 전문
164,생활맥주 제주연동점,제주특별자치도 제주시 연동7길 40,33.4864189536072,126.490493694361,연동,3,주점 및 주류판매,맥주/요리주점
165,장어통일노형점,제주특별자치도 제주시 남녕로 47,33.4915649804948,126.479690639378,노형동,6,한식,장어
166,사해방흑돼지,제주특별자치도 서귀포시 천제연로 263,33.2515291356409,126.432692320092,중문동,6,한식,돼지고기
167,위미다온국밥,제주특별자치도 서귀포시 남원읍 위미중앙로 178,33.2742384712757,126.662670096948,남원읍,6,한식,국밥
168,서울풍미탑동점,제주특별자치도 제주시 탑동로 27,33.5173400702993,126.521815733745,삼도2동,6,한식,가정식
169,제주산방식당서귀점,제주특별자치도 서귀포시 소암로 25,33.2449701512733,126.568358677595,정방동,6,한식,가정식
170,카페열리,제주특별자치도 제주시 신성로 6 1층,33.4956112325779,126.520498525993,오라동,4,카페,커피
171,(주)제주소나이와인점방,제주특별자치도 서귀포시 중앙로 199 1층,33.2622577816759,126.558536378334,서홍동,3,주점및주류판매,주류
172,미향해장국효돈점,제주특별자치도 서귀포시 동홍남로 37 2층,33.2570590400083,126.572249238413,효돈동,6,한식,돼지고기
173,대한식당앤오태식해바라기치킨아라점,제주특별자치도 제주시 중앙로 601 1층,33.4701738086972,126.546486914478,아라동,5,패스트푸드,치킨
174,다미야 서귀포점,제주특별자치도 서귀포시 홍중로 23,33.2548702733638,126.558177331095,서홍동,6,한식,가정식
175,까투리화북주공점,제주특별자치도 제주시 동화로1길 45-12,33.5183643902525,126.577469782215,화북동,3,주점및주류판매,꼬치구이
176,오뚜기빵집 2호점,제주특별자치도 제주시 오래물길 9,33.5032489713703,126.467051945966,일도1동,4,간식,베이커리
177,삼화회센터,제주특별자치도 제주시 화삼로1길 18,33.5147693794609,126.57570204744,화북동,6,한식,회
178,신짜우베트남쌀국수,제주특별자치도 제주시 원당로3길 27 1층,33.5253045318724,126.587541801058,화북동,1,아시아음식,동남아/인도음식
179,서귀포호,제주특별자치도 서귀포시 서문로29번길 9 1층,33.2495189221676,126.559168630929,천지동,6,한식,단품요리 전문
180,신제주보쌈,제주특별자치도 제주시 광평동로 38 1층,33.4832153814664,126.469492134005,노형동,6,한식,단품요리 전문
181,페리카나 영어마을점,제주특별자치도 서귀포시 대정읍 글로벌에듀로 390 남영에듀클래스 B동 103호,33.2797032406993,126.27675186712,대정읍,5,패스트푸드,치킨
182,비브레이브 서호점,제주특별자치도 서귀포시 신서로48번길 66,33.2524639884006,126.511780585541,대륜동,4,카페,커피
183,야크마을 제주,제주특별자치도 서귀포시 색달중앙로 162,33.2696448069146,126.416642362701,예래동,6,한식,단품요리 전문
184,썬더치킨 제원점,제주특별자치도 제주시 삼무로1길 10-9 모디움 1층 104호,33.4903863533114,126.488422992203,연동,5,패스트푸드,치킨
185,일품란주우육면,제주특별자치도 제주시 제원1길 23,33.4891724126832,126.486909184144,연동,1,아시아음식,중식
186,노형바다장어,제주특별자치도 제주시 광평동로 12 1층,33.4815712436274,126.471434614745,노형동,6,한식,단품요리 전문
187,굽네치킨일도점,제주특별자치도 제주시 연수로3길 7 1층,33.502785319554,126.54380982761,일도2동,5,패스트푸드,치킨
188,파이굽는 돌담집,제주특별자치도 제주시 아란9길 48,33.4722522345371,126.540433271428,아라동,4,베이커리.디저트,베이커리
189,헤이그릭,제주특별자치도 제주시 동광로9길 8 1층,33.5034109163971,126.533274807693,이도1동,6,한식,단품요리 전문
190,제주산방식당협재점,제주특별자치도 제주시 한림읍 협재로 1 1층,33.3969525030685,126.244295110691,한림읍,6,한식,가정식
191,테오도라,제주특별자치도 제주시 금월길 46,33.4845729924377,126.551556593761,아라동,6,한식,단품요리 전문
192,맛쟁이정식,제주특별자치도 제주시 고산동산2길 6,33.4966053670494,126.531229381009,이도2동,6,한식,가정식
193,남성로치킨하우스,제주특별자치도 제주시 남성로 47 1층,33.5044548320781,126.512498222213,용담1동,5,피자.치킨.햄버거,치킨
194,페리카나신시가지점,제주특별자치도 서귀포시 김정문화로 64 삼주연립주택 1층,33.2507045234365,126.511291063835,대륜동,5,패스트푸드,치킨
195,사계진미숯불닭갈비제원점,제주특별자치도 제주시 연동7길 22 1층,33.4881294735739,126.49056416284,연동,6,한식,갈비
196,차돌89,제주특별자치도 제주시 연동8길 28 청목더웰연동 1층,33.4835302825142,126.490369766714,연동,6,한식,차돌
197,동동차이나남원점,제주특별자치도 서귀포시 남원읍 태위로689번길 7,33.2800381625097,126.719826812426,남원읍,1,아시아음식,중식
198,아인스하나푸드,제주특별자치도 제주시 구남로6길 18-2,33.4886707245386,126.534917660762,이도2동,6,한식,가정식
199,오이소돼지해장국,제주특별자치도 제주시 고마로11길 4 1층,33.5090328578316,126.540090953331,일도2동,6,한식,돼지고기
200,애월또바기,제주특별자치도 제주시 애월읍 항몽로 83,33.4769878381394,126.408655557732,애월읍,6,한식,가정식
201,제주객조리조림,제주특별자치도 제주시 도남로 32 1층,33.497287497618,126.525870192188,이도2동,6,한식,가정식
202,초대창 제주일도점,제주특별자치도 제주시 고마로 147 1층,33.5016641058548,126.543469074284,일도2동,6,고기,곱창
203,황금부엌 2호점,제주특별자치도 서귀포시 솜반천로14번길 4,33.2544032144729,126.559418397758,서홍동,6,한식,가정식
204,고망딱새,제주특별자치도 제주시 서해안로 96,33.5034526278639,126.459638982421,이호동,6,한식,단품요리 전문
205,조천234,제주특별자치도 제주시 조천읍 신북로 234 1층 102호,33.5363797724808,126.637757344459,조천읍,6,한식,단품요리 전문
206,한려원한정식,제주특별자치도 제주시 신설로9길 30 1층,33.4947400808731,126.546744222956,이도2동,6,한식,가정식
207,코미세,제주특별자치도 서귀포시 서호동 1615-3 상가 101호,33.2525292957856,126.521180096617,대륜동,1,아시아음식,일식
208,반올림피자샵 이도도남점,제주특별자치도 제주시 중앙로 384 제이앤제이빌딩 1층,33.4880494490132,126.539702525811,이도2동,5,패스트푸드,피자
209,옛날국수 갤러리,제주특별자치도 제주시 한경면 고산로 73 1층,33.3073383281266,126.178031739442,한경면,6,한식,면류
210,굽네치킨아라점,제주특별자치도 제주시 중앙로 578 원신아파트 상가 1층,33.4715297495206,126.544135038425,아라동,5,패스트푸드,치킨
211,서진향해장국성산점,제주특별자치도 서귀포시 성산읍 한도로 200,33.4682302626877,126.929273356752,성산읍,6,한식,해장국
212,203안전한먹거리연구소,제주특별자치도 제주시 선덕로 4 1층,33.4855037812406,126.497079680933,연동,6,한식,가정식
213,맛나감자탕제주1호점,제주특별자치도 제주시 정존5길 7,33.4832916947312,126.474134136494,노형동,6,한식,감자탕
214,정직한통닭중문점,제주특별자치도 서귀포시 천제연로213번길 44,33.2549549898599,126.428057761276,중문동,5,피자.치킨.햄버거,치킨
215,비비큐 대정점,제주특별자치도 서귀포시 대정읍 상모대서로 14,33.2245207822012,126.256192565443,대정읍,5,패스트푸드,치킨
216,오늘와인한잔제주노형점,제주특별자치도 제주시 원노형남1길 24,33.4838626687098,126.482939902243,노형동,3,주점및주류판매,주점
217,가시리은하수가든,제주특별자치도 서귀포시 표선면 중산간동로 5123,33.3606006515155,126.767335928099,표선면,6,한식,고기
218,돈야탑촌일도점,제주특별자치도 제주시 신설로11길 31,33.4931207054593,126.546097766482,이도2동,6,한식,가정식
219,쇠소깍돼지갈비,제주특별자치도 서귀포시 효돈로 170 1층,33.2635242495949,126.616904332395,효돈동,6,한식,갈비
220,문섬횟집,제주특별자치도 제주시 원노형로 45,33.4845862652975,126.485078586769,노형동,6,한식,회
221,제주설심당 모슬포점,제주특별자치도 서귀포시 대정읍 신영로 73 2층,33.2208842951527,126.250706988837,대정읍,6,한식,단품요리 전문
222,군족 서귀포점,제주특별자치도 서귀포시 동홍동로 5 1층,33.2554159423914,126.574703479058,동홍동,6,고기,보쌈
223,상임이네스페샬,제주특별자치도 제주시 오도1길 7 1층,33.4942503424128,126.461037696954,이호동,6,한식,단품요리 전문
224,카페느슨,제주특별자치도 서귀포시 중산간서로356번길 42,33.2626293479106,126.475101307483,대천동,4,음료,커피
225,승주편의분식,제주특별자치도 제주시 동광로1길 3 1층,33.5014947736083,126.529250209717,이도1동,4,간식,분식
226,영림흑돼지가든,제주특별자치도 제주시 한림읍 한수풀로 30,33.417785766245,126.266088189253,한림읍,6,한식,가정식
227,와흘밥상,제주특별자치도 제주시 조천읍 남조로 2228,33.4639559830897,126.660629889843,조천읍,6,한식,가정식
228,뉴청석골칡냉면전문,제주특별자치도 제주시 조천읍 신북로 222,33.535732177239,126.636655670073,조천읍,6,한식,단품요리 전문
229,보롬왓국수,제주특별자치도 제주시 삼무로3길 32,33.4905226359801,126.492646258507,연동,6,한식,가정식
230,미루네닭숯불구이 삼화점,제주특별자치도 제주시 건주로4길 14-6 1층,33.5163439037748,126.579371838761,삼양동,6,한식,가정식
231,풍정포차,제주특별자치도 제주시 오현길 85,33.5123592951345,126.52515922557,이도1동,6,한식,가정식
232,봉추반점,제주특별자치도 제주시 우도면 우도로 174,33.5079323935928,126.954212532773,우도면,6,한식,중식
233,서문뒷고기,제주특별자치도 제주시 중앙로14길 40-2,33.5108033408322,126.520364160928,삼도2동,6,한식,가정식
234,솔오름아구찜,제주특별자치도 서귀포시 동홍로 167,33.2634401500815,126.567482345945,동홍동,6,한식,아구찜
235,옛날통닭남원점,제주특별자치도 서귀포시 남원읍 태위로 638 1층,33.2779080258623,126.714817279044,남원읍,5,패스트푸드,치킨
236,노모어블루스,제주특별자치도 제주시 남광로 15 1층,33.4929614250237,126.537668170436,이도2동,6,한식,단품요리 전문
237,마블링 남원점,제주특별자치도 서귀포시 남원읍 태위로 477,33.2751741278764,126.698105174946,남원읍,6,한식,가정식
238,보말삼춘,제주특별자치도 제주시 중앙로 584,33.4713413170469,126.545264536467,아라동,6,한식,단품요리 전문
239,오들락,제주특별자치도 서귀포시 안덕면 화순임중로7번길 56,33.2398265450467,126.336228187858,안덕면,6,한식,가정식
240,제주맘순두부,제주특별자치도 서귀포시 안덕면 화순임중로37번길 3-10,33.2438080425307,126.335881779488,외도동,6,한식,단품요리 전문
241,혼섬갈비용담점,제주특별자치도 제주시 흥운길 10,33.5099606990128,126.511202621056,용담2동,6,한식,갈비
242,부향순죽전문점,제주특별자치도 제주시 동문로 80 1층,33.5135349960154,126.535102290484,일도2동,6,한식,단품요리 전문
243,바삭돈가스 삼화점,제주특별자치도 제주시 화삼로 7 3층,33.514456071792,126.573809769992,화북동,1,일식.회,일식
244,제주태원,제주특별자치도 제주시 고마로10길 6,33.5089514103241,126.538966044415,일도2동,6,한식,가정식
245,맛디댜피자대정점,제주특별자치도 서귀포시 대정읍 글로벌에듀로 382,33.2803611885372,126.276992041207,대정읍,5,패스트푸드,피자
246,맹치동산,제주특별자치도 서귀포시 남원읍 자배오름로139번길 35-68,33.2923286092186,126.669999222999,남원읍,6,한식,가정식
247,해물오빠,제주특별자치도 서귀포시 대정읍 신영로72번길 10,33.2199330176812,126.250619736316,대정읍,6,한식,단품요리 전문
248,딜리버리쿡제주시청점,제주특별자치도 제주시 남성로 156-2,33.5090659570212,126.522062294541,삼도2동,6,한식,단품요리 전문
249,새벽해장국플랑,제주특별자치도 제주시 서해안로 152,33.5032222279016,126.465531888682,도두동,6,한식,해장국
250,처갓집양념치킨함덕점,제주특별자치도 제주시 조천읍 함덕남16길 108,33.5311472805408,126.668832912458,조천읍,5,패스트푸드,치킨
251,이스트힐스카페테리아,제주특별자치도 제주시 조천읍 종인내길 323,33.4820546642243,126.633530657235,조천읍,4,음료,커피
252,참살이정육식당,제주특별자치도 제주시 고마로14길 14,33.5059949044382,126.539716137913,일도2동,6,한식,고기
253,한라생얼큰이 서귀포점,제주특별자치도 서귀포시 중정로5번길 14,33.2485495930725,126.558054617702,천지동,6,한식,가정식
254,공육사노트,제주특별자치도 제주시 한림읍 한림로 609,33.4113344988812,126.259903164965,한림읍,6,한식,가정식
255,애월연어 영어교육도시점,제주특별자치도 서귀포시 대정읍 글로벌에듀로 390 A동 107호,33.2797032406993,126.27675186712,대정읍,1,아시아음식,일식
256,옹포쌀국수,제주특별자치도 제주시 서문로 70-1 1~4층,33.511976897243,126.51851678494,용담1동,6,한식,면류
257,원비삼계탕봉개점,제주특별자치도 제주시 봉개대동6길 5 1층,33.4880851123138,126.597777161638,봉개동,6,한식,단품요리 전문
258,커피516,제주특별자치도 서귀포시 516로 11 1층,33.2560782792978,126.577268325652,동홍동,4,음료,커피
259,모슬포해안도로,제주특별자치도 제주시 신대로18길 16 104호,33.484809947213,126.494715824047,노형동,6,한식,단품요리 전문
260,부가네얼큰이한림점,제주특별자치도 제주시 한림읍 한림중앙로 21,33.4128361860138,126.264938341661,한림읍,6,한식,가정식
261,일품왕솥뚜껑,제주특별자치도 제주시 고마로15길 3,33.507047380712,126.54091972039,일도2동,6,한식,가정식
262,페리카나치킨 일도점,제주특별자치도 제주시 천수로 25-1,33.5028526509736,126.539903884635,이도2동,5,패스트푸드,치킨
263,쇠소깍불근돼지,제주특별자치도 서귀포시 쇠소깍로 151-10,33.2504636218284,126.620478264469,효돈동,6,한식,가정식
264,마라도해녀촌연동점,제주특별자치도 제주시 연동1길 4,33.4896008513371,126.486583206019,연동,1,아시아음식,중식
265,(주)아인당구카페,제주특별자치도 제주시 우정로5길 4 3층,33.4901978581657,126.431160741311,외도동,2,양식,양식
266,청포돗대,제주특별자치도 제주시 연삼로 537,33.5023255069669,126.54616659991,일도2동,6,한식,가정식
267,신여성집합실,제주특별자치도 서귀포시 대정읍 영어도시로 56,33.2771256083787,126.279386716585,대정읍,6,한식,가정식
268,단당류,제주특별자치도 제주시 한경면 녹차분재로 514,33.3180244295062,126.269647909695,한경면,6,한식,단품요리 전문
269,어디가맨,제주특별자치도 제주시 우평로 348 1층,33.4841776551331,126.429566593059,성산읍,6,한식,가정식
270,7번가피자제주애월점,제주특별자치도 제주시 애월읍 일주서로 6254-3 나동 1층,33.4608927388517,126.322766087647,애월읍,5,패스트푸드,피자
271,오지하우스제주본점,제주특별자치도 제주시 광양10길 26,33.4984813559827,126.527750896483,이도2동,2,양식,양식
272,아궁이연탄집,제주특별자치도 제주시 도남로 12-1,33.4988688954682,126.524976879455,삼도1동,6,한식,고기
273,노형짬뽕,제주특별자치도 제주시 월광로 33 1층,33.4845572623104,126.464491733986,노형동,6,한식,중식
274,밥찾아삼만리,제주특별자치도 제주시 한림읍 한림로 657,33.414368208019,126.263319491446,한림읍,6,한식,가정식
275,배떡제주성산점,제주특별자치도 서귀포시 성산읍 고성동서로 79 1층,33.4509581212797,126.91558487075,성산읍,6,한식,가정식
276,세컨디포레스트 제주점,제주특별자치도 제주시 원노형10길 32 1층,33.4832777183275,126.486127087557,노형동,2,양식,양식
277,구움디저트,제주특별자치도 제주시 진군3길 27-27 1층,33.4769301954625,126.477727327758,노형동,6,한식,단품요리 전문
278,조수리순이네집밥,제주특별자치도 제주시 한경면 불그못로 79,33.2963739825762,126.218369957245,한경면,6,한식,가정식
279,오떡신제주점,제주특별자치도 제주시 원노형로 11,33.4876225657189,126.484451820655,노형동,6,한식,가정식
280,신제주황가네,제주특별자치도 제주시 은남3길 28,33.4874481611662,126.49289939869,연동,6,한식,가정식
281,꾸브라꼬숯불두마리치킨서귀점,제주특별자치도 서귀포시 동문동로 37,33.2512362885561,126.564423315646,중앙동,5,패스트푸드,치킨
282,잇바이탭일도점,제주특별자치도 제주시 고마로 105 한명빌딩 1층,33.5051520542985,126.541626038773,일도2동,6,한식,단품요리 전문
283,화순산호,제주특별자치도 서귀포시 안덕면 화순로 100-1,33.2468345891903,126.335594497161,안덕면,6,한식,가정식
284,김용복참치,제주특별자치도 제주시 과원북4길 9,33.4813579175054,126.482909380277,노형동,1,아시아음식,참치
285,청춘감성쌀핫도그 제주중문점,제주특별자치도 서귀포시 천제연로 223-1,33.2516084642573,126.428592929193,중문동,2,양식,핫도그
286,오일장미옥이네,제주특별자치도 제주시 월랑로4길 35 1층,33.4897338740076,126.480384217981,노형동,6,한식,가정식
287,자가제빵 선명희피자 서귀포점,제주특별자치도 서귀포시 중앙로 198-20 2동 1층,33.2620321692747,126.560616672158,동홍동,5,패스트푸드,피자
288,신모슬포포구식당,제주특별자치도 서귀포시 대정읍 최남단해안로 119,33.2115107927959,126.256501284088,대정읍,6,한식,가정식
289,백년해장국 성산점,제주특별자치도 서귀포시 표선면 서성일로 31,33.3948200776764,126.800642103698,성산읍,6,한식,해장국
290,도마도숯불갈비,제주특별자치도 제주시 서광로 201,33.5002680730052,126.518018898833,삼도1동,6,고기,갈비
291,남원골감나무집,제주특별자치도 서귀포시 남원읍 태위로 707,33.2800276284505,126.721921581977,남원읍,6,한식,가정식
292,서펍,제주특별자치도 제주시 선사로8길 12,33.5254261590536,126.587082540248,삼양동,6,한식,단품요리 전문
293,라이터스블럭(writer's block),제주특별자치도 제주시 신설로5길 8 1층 102호,33.4935568284907,126.544433067157,이도2동,6,한식,단품요리 전문
294,산계원식당,제주특별자치도 서귀포시 안덕면 형제해안로 80,33.2255064258106,126.299304878384,안덕면,6,한식,가정식
295,벌랑포구,제주특별자치도 제주시 벌랑길 61 1층,33.5260866953113,126.576886779899,삼양동,6,한식,단품요리 전문
296,연화몽,제주특별자치도 제주시 한림읍 한림로 582-10 1층,33.408475899326,126.258992589137,한림읍,6,한식,가정식
297,회식제주점,제주특별자치도 제주시 선덕로5길 25,33.487469402882,126.499968553636,이도2동,6,한식,가정식
298,테왁,제주특별자치도 서귀포시 서호남로32번길 10-4 1층,33.2496242746512,126.515205092259,대륜동,6,한식,가정식
299,우림일식,제주특별자치도 제주시 도령로 28-2,33.4873881970257,126.482602180532,노형동,1,아시아음식,일식
300,조박사버섯칼국수,제주특별자치도 제주시 다랑곶길 10,33.4871797658195,126.479441410724,노형동,6,한식,단품요리 전문
301,다온제과,제주특별자치도 제주시 삼봉로 141 1층,33.5088154559892,126.59022352657,삼양동,4,간식,베이커리
302,윤정이네국밥,제주특별자치도 제주시 한림읍 중산간서로 4960,33.4078195535458,126.29396585857,한림읍,6,한식,국밥
303,마핑고,제주특별자치도 제주시 이도공원길 42 1층,33.498286181392,126.544493741272,이도2동,2,양식,양식
304,남문숯불바베큐앤치킨외도점,제주특별자치도 제주시 우정로4길 3-5,33.4908373193399,126.430426796082,외도동,5,패스트푸드,치킨
305,경진가든,제주특별자치도 제주시 조천읍 함덕남12길 3,33.534176683918,126.675595858804,조천읍,6,한식,고기
306,BHC치킨 신연동점,제주특별자치도 제주시 연화로 16 해오름아파트상가 104호,33.4808605596977,126.486282089262,노형동,5,피자.치킨.햄버거,치킨
307,써니꼬마김밥건입점,제주특별자치도 제주시 동문로 80 1층,33.5135349960154,126.535102290484,일도2동,6,분식,분식
308,탐라옵데강,제주특별자치도 제주시 관덕로 64 지하1층,33.5128959499103,126.526037684491,일도1동,6,한식,가정식
309,주식회사 제주야컴퍼니,제주특별자치도 제주시 연동3길 27 2층,33.4873160122807,126.488124596075,연동,6,한식,단품요리 전문
310,미쎄스올리브,제주특별자치도 서귀포시 법환상로2번길 97-18,33.2476653633735,126.51185394546,대륜동,2,양식,양식
311,제주도그녀,제주특별자치도 제주시 신설로9길 42,33.4948069858883,126.547560194401,이도2동,6,한식,단품요리 전문
312,퐁낭집,제주특별자치도 제주시 애월읍 유수암로 36,33.4395244523327,126.40254123956,애월읍,6,한식,가정식
313,마농삼계탕,제주특별자치도 서귀포시 김정문화로27번길 23-7 1층,33.2540681704507,126.50750642303,대천동,6,한식,단품요리 전문
314,제주촐레,제주특별자치도 서귀포시 성산읍 신천서로50번길 22-56,33.3419567620285,126.848748257201,일도1동,6,한식,가정식
315,법환나들목식당,제주특별자치도 서귀포시 이어도로 928,33.2378287381367,126.513824433578,대륜동,6,한식,가정식
316,두마리찜닭두찜서귀포동홍점,제주특별자치도 서귀포시 중산간동로 8003,33.2643606967898,126.56173579346,동홍동,6,한식,치킨
317,누나홀닭 제주강정점,제주특별자치도 서귀포시 신서로32번길 12 1층,33.2527292337725,126.505955459513,대천동,5,피자.치킨.햄버거,치킨
318,제주노형흑돼지,제주특별자치도 제주시 한라대학로 12,33.4794710006086,126.47283548724,외도동,6,한식,가정식
319,쿠마리카페,제주특별자치도 서귀포시 안덕면 화순중앙로124번길 21,33.2415821420404,126.333120614109,조천읍,4,음료,커피
320,술벗있는곳,제주특별자치도 제주시 수덕9길 85-1,33.4826894088787,126.47042344005,노형동,6,한식,단품요리 전문
321,페리카나신제주점,제주특별자치도 제주시 연동1길 10,33.4890894896082,126.486566532585,연동,5,패스트푸드,치킨
322,부러워커피,제주특별자치도 제주시 동문로 17 1층 1호,33.513131192895,126.528665404539,일도1동,6,한식,커피
323,표선제주닭집아라점,제주특별자치도 제주시 아란5길 19-5,33.4751097155237,126.5443542685,아라동,6,한식,치킨
324,한라꽃돈,제주특별자치도 제주시 수목원서길 3,33.4694506260147,126.484177439438,노형동,6,한식,가정식
325,권가네올레김밥,제주특별자치도 서귀포시 중앙로 199,33.2622577816759,126.558536378334,서홍동,6,한식,단품요리 전문
326,외도가마솥밥,제주특별자치도 제주시 우정로6길 11 1층,33.4901728250518,126.429735497873,외도동,6,한식,가정식
327,페리카나치킨이도점,제주특별자치도 제주시 서광로20길 3 1층,33.499258714929,126.522132230732,이도2동,5,패스트푸드,치킨
328,010수산식당,제주특별자치도 제주시 천수로6길 3 1층,33.5029978959254,126.541874263196,이도2동,1,아시아음식,회
329,현애원/카페이스틀리,제주특별자치도 서귀포시 성산읍 산성효자로114번길 131-1 2층,33.456075252275,126.908399492482,성산읍,4,음료,커피
330,서귀포돈사촌,제주특별자치도 서귀포시 동홍중앙로52번길 4,33.2552198436622,126.572548807658,동홍동,6,고기,돼지고기
331,이레하우스,제주특별자치도 제주시 신설동길 45-9,33.4960648799075,126.550331504504,이도2동,4,음료,커피
332,시시한덮밥,제주특별자치도 제주시 인다11길 13 1층,33.4740575432778,126.548936898747,아라동,6,한식,단품요리 전문
333,봉구스밥버거 제주대점,제주특별자치도 제주시 제주대학로7길 6 1층,33.4606636059237,126.561432691841,아라동,5,패스트푸드,햄버거
334,피치랑삼화점,제주특별자치도 제주시 일주동로 326,33.521096844955,126.579669282627,삼양동,6,한식,단품요리 전문
335,뽕꼴락,제주특별자치도 제주시 조천읍 신북로 443 1층,33.5442077351881,126.656903706367,조천읍,6,한식,가정식
336,장모식탁,제주특별자치도 제주시 연신로 51 1층,33.4968501292395,126.54690529802,이도2동,6,한식,가정식
337,힌즈,제주특별자치도 제주시 월대5길 7 1층,33.4946048598574,126.435289026436,외도동,6,한식,단품요리 전문
338,1950김프로,제주특별자치도 서귀포시 홍중로 80,33.259586971647,126.555926494686,서홍동,6,한식,가정식
339,델문도 제주도립미술관점,제주특별자치도 제주시 1100로 2894-78 제주도립미술관 1층,33.4525500193362,126.489686090961,연동,6,한식,단품요리 전문
340,한림억소리,제주특별자치도 제주시 한림읍 사가동길 2,33.4156472107998,126.263458021719,한림읍,6,한식,가정식
341,스시우다,제주특별자치도 제주시 용마로 30,33.5156731289827,126.506417149604,용담2동,6,한식,일식
342,탐라맛고을,제주특별자치도 제주시 아연로 484-7 1층,33.474456280231,126.532286814959,이도2동,6,한식,가정식
343,노형가맥,제주특별자치도 제주시 광평동로 40,33.4834006036787,126.469352961547,노형동,6,한식,단품요리 전문
344,상효올레집,제주특별자치도 서귀포시 월라봉로 136,33.2684380773714,126.596422875787,영천동,6,한식,가정식
345,놀랄만두하군,제주특별자치도 제주시 한림읍 한림로 662,33.414208602905,126.263786237096,한림읍,6,한식,만두
346,노마와사비,제주특별자치도 제주시 고마로 146,33.5016428445944,126.542959941323,이도2동,6,한식,단품요리 전문
347,오늘도 달려,제주특별자치도 제주시 용담로 82,33.5122889817015,126.511366903942,용담2동,6,한식,단품요리 전문
348,노가리앤비어대정모슬포점,제주특별자치도 서귀포시 대정읍 하모항구로 52 2층,33.2182858580129,126.250425037782,대정읍,3,주점및주류판매,맥주/요리주점
349,제주보리촌,제주특별자치도 제주시 신설로2길 17-4,33.4954548393278,126.542859560101,이도2동,4,간식,베이커리
350,제주민속감자탕 이도점,제주특별자치도 제주시 승천로 89,33.4912159508567,126.544144786867,아라동,6,한식,감자탕
351,주민상회 외도점,제주특별자치도 제주시 애월읍 하광로 46,33.4819079137754,126.413840442601,외도동,6,한식,가정식
352,못동산가든,제주특별자치도 서귀포시 중문상로 96,33.2564894088272,126.427889796057,중문동,6,한식,가정식
353,오태식해바라기치킨봉개점,제주특별자치도 제주시 봉개서길 7-6 1층,33.4913690966058,126.590457121761,봉개동,5,패스트푸드,치킨
354,옵데강숯불갈비2호점,제주특별자치도 제주시 무근성길 16,33.5167903507436,126.518969530666,삼도2동,6,한식,갈비
355,신제주양곱창,제주특별자치도 제주시 원노형로 23,33.4868429561724,126.48507997337,노형동,6,고기,곱창
356,배떡 조천함덕점,제주특별자치도 제주시 조천읍 조함해안로 434 1층,33.5452449588589,126.661369818126,조천읍,6,한식,가정식
357,전주콩나루콩나물국밥 제주점,제주특별자치도 제주시 신대로10길 16,33.4909598530648,126.495060917656,연동,6,한식,가정식
358,순(SHUN) 앤스시,제주특별자치도 제주시 수덕로 4 1층,33.488781390916,126.475473407483,노형동,1,일식.회,일식
359,옛날아우내순대 노형점,제주특별자치도 제주시 우평로 11 1층,33.4790948112351,126.464809809859,노형동,6,한식,순대
360,돈떵이,제주특별자치도 제주시 연동8길 19,33.4841368389625,126.490734082506,연동,6,한식,가정식
361,호랑이 막창 대정점,제주특별자치도 서귀포시 대정읍 하모중앙로 63 1층,33.2226056517089,126.252339796113,대정읍,6,한식,막창
362,이비가짬뽕제주서귀포점,제주특별자치도 서귀포시 일주동로 8672 1층,33.2535958859686,126.561712169854,동홍동,1,아시아음식,중식
363,화북조림,제주특별자치도 제주시 동화로 7,33.5194051495984,126.573119751223,화북동,6,한식,가정식
364,탐라국꾼노형점,제주특별자치도 제주시 다랑곶4길 42,33.4898530852333,126.478543293032,노형동,3,주점및주류판매,맥주/요리주점
365,난타5000일호광장점,제주특별자치도 서귀포시 중앙로 102,33.2537200213501,126.561067675982,동홍동,5,패스트푸드,피자
366,화양양,제주특별자치도 제주시 연화로4길 2 1층,33.476510570095,126.487549517984,연동,6,한식,단품요리 전문
367,오니기리와이규동 제대점,제주특별자치도 제주시 제주대학로 109,33.4603618093422,126.561653323949,아라동,6,한식,단품요리 전문
368,신전떡볶이중문점,제주특별자치도 서귀포시 중문관광로301번길 3 상가동 101호,33.2470409489426,126.429244368819,중문동,4,간식,분식
369,막창도둑제주본점,제주특별자치도 서귀포시 이중섭로 14-1,33.2467984484869,126.563930164166,정방동,6,한식,막창
370,장위동유성등심집제주점,제주특별자치도 서귀포시 중문로 104,33.2603798323636,126.427286306235,예래동,6,한식,가정식
371,불타는여고24시떡볶이 중앙여고점,제주특별자치도 제주시 구남동5길 14,33.4899156653298,126.540214095041,이도2동,6,분식,분식
372,수산동백가든,제주특별자치도 서귀포시 성산읍 서성일로 956,33.4410759779751,126.881499129955,성산읍,6,한식,회
373,한림족발,제주특별자치도 제주시 한림읍 한림상로 219 1층,33.4177406012598,126.267874119236,한림읍,6,한식,족발
374,맵지,제주특별자치도 제주시 신대로18길 23,33.4845300425083,126.493974285683,연동,6,한식,단품요리 전문
375,곤지암할매소머리국밥노형점,제주특별자치도 제주시 원노형남1길 19,33.48410918809,126.482578424179,노형동,6,한식,단품요리 전문
376,남문숯불바베큐앤치킨 중문점,제주특별자치도 서귀포시 하예로44번길 21,33.2438730484894,126.387734878374,예래동,5,피자.치킨.햄버거,치킨
377,한수풀더돈,제주특별자치도 제주시 한림읍 한수풀로5길 11 가동 1층,33.4230424202677,126.284021194049,한림읍,6,한식,돼지고기
378,노형궁전,제주특별자치도 제주시 원노형로 47,33.4844581325108,126.485074610769,노형동,6,한식,단품요리 전문
379,남원가,제주특별자치도 서귀포시 남원읍 태위로 683 1층,33.2793583906368,126.719413131567,남원읍,6,한식,가정식
380,서귀포시청구내식당,제주특별자치도 서귀포시 신중로 27,33.2561527307649,126.50923956244,서홍동,6,한식,구내식당/푸드코트
381,트리플에이제주화북점,제주특별자치도 제주시 연삼로 702,33.509895237779,126.561450979415,화북동,6,한식,단품요리 전문
382,하얀산호,제주특별자치도 제주시 우도면 우도해안길 144,33.4943333751717,126.945037912801,우도면,6,한식,가정식
383,간또일도점,제주특별자치도 제주시 고마로 145-1 1층,33.5017894280363,126.543395882261,일도2동,6,한식,가정식
384,탕탕이2호점,제주특별자치도 제주시 다랑곶1길 15,33.487974731843,126.477820504376,노형동,6,한식,가정식
385,아일랜드팩토리 풍류,제주특별자치도 제주시 관덕로8길 31,33.5105174891967,126.523365331925,이도1동,6,한식,단품요리 전문
386,옆구리터진올레김밥,제주특별자치도 제주시 공설로 5,33.4992753582985,126.516614332736,삼도1동,6,한식,분식
387,소선우식당,제주특별자치도 제주시 선반남2길 25,33.5124082219706,126.56246402175,화북동,6,한식,가정식
388,환이네 이태리식당,제주특별자치도 서귀포시 안덕면 사계중앙로18번길 5,33.23073633298,126.29688998169,안덕면,2,기타,기타세계요리
389,지서개식당,제주특별자치도 제주시 한경면 한경해안로 77,33.3193129345525,126.170731452443,한경면,6,한식,가정식
390,월성삼계탕,제주특별자치도 제주시 서광로5길 12,33.5011446741351,126.514389519602,용담1동,6,고기,삼계탕
391,엄마가만든탕,제주특별자치도 제주시 동문로 105,33.5142125740196,126.537785394403,건입동,6,한식,단품요리 전문
392,돗도구리돼지머리국밥,제주특별자치도 서귀포시 동홍동로26번길 8,33.2572018270451,126.575767027319,동홍동,6,한식,국밥
393,유카이스시,제주특별자치도 서귀포시 대정읍 보성구억로 220,33.2701932109737,126.278419840173,대정읍,1,아시아음식,일식
394,자연과사람들밀면제주시점,제주특별자치도 제주시 오라로 136,33.4942411642454,126.517153016512,오라동,6,한식,면류
395,사라봉보양탕,제주특별자치도 제주시 사라봉길 25,33.5152953253983,126.540629571632,건입동,6,한식,가정식
396,미크라트,제주특별자치도 제주시 한림읍 명랑남동길 32 1층,33.4169745036208,126.272975794964,한림읍,6,한식,단품요리 전문
397,소담한봉봉,제주특별자치도 제주시 신설로9길 20,33.4941728467303,126.545895676711,이도2동,6,한식,가정식
398,꽃가마식당,제주특별자치도 제주시 신산로 97,33.5053399114097,126.535877186212,일도2동,6,한식,가정식
399,위미장가네닭곰탕,제주특별자치도 서귀포시 남원읍 태위로 93 1층,33.2746552874742,126.65739184254,남원읍,6,한식,가정식
400,화북떡집,제주특별자치도 제주시 화삼로1길 5,33.5147622385411,126.574382601751,화북동,4,간식,떡/한과
401,임풍해장국,제주특별자치도 제주시 구좌읍 김녕로 141,33.5555763649163,126.752960355394,구좌읍,6,한식,해장국
402,비비큐삼화점,제주특별자치도 제주시 화삼북로 143 1층,33.5172751752461,126.588286330559,삼양동,5,패스트푸드,치킨
403,와플대학 제주삼화캠퍼스,제주특별자치도 제주시 화삼북로2길 32 1층,33.514490562214,126.576057629626,화북동,4,간식,베이커리
404,세화잠수촌,제주특별자치도 제주시 구좌읍 해맞이해안로 1391,33.5275425597994,126.856639903597,구좌읍,6,한식,가정식
405,까메까메까망이,제주특별자치도 제주시 애월읍 엄수로 21 1층,33.4731635567209,126.379008236237,애월읍,6,한식,단품요리 전문
406,노형포차,제주특별자치도 제주시 다랑곶5길 9 1층,33.4890744724889,126.479959688002,노형동,6,한식,단품요리 전문
407,버거오클락,제주특별자치도 서귀포시 대정읍 에듀시티로50번길 6 에듀스타 1층,33.2910513683686,126.283532465585,대정읍,2,양식,햄버거
408,제주명과,제주특별자치도 제주시 구좌읍 세화8길 2,33.5221514357416,126.857727066371,구좌읍,4,간식,베이커리
409,1층마카롱,제주특별자치도 제주시 신산로 83-1 1층,33.5063912624298,126.535132957343,일도2동,6,한식,단품요리 전문
410,카페이도이,제주특별자치도 제주시 동고산로 14 1층,33.4982800893656,126.532473830666,이도2동,4,음료,커피
411,신전떡볶이표선점,제주특별자치도 서귀포시 표선면 표선동서로 234,33.3247202239198,126.832352224966,표선면,4,간식,분식
412,사려니가든,제주특별자치도 제주시 동광로23길 1,33.5100472072646,126.543103895393,일도2동,6,한식,고기
413,(주)제주서서갈비,제주특별자치도 제주시 광평동로 39 1층,33.4830324794357,126.468930964307,노형동,6,한식,갈비
414,오지하우스 제주본점,제주특별자치도 제주시 광양10길 26,33.4984813559827,126.527750896483,이도2동,2,양식,양식
415,동완식당,제주특별자치도 서귀포시 중앙로 81,33.2519116552938,126.560923692958,천지동,4,간식,분식
416,예산가마솥장수촌설렁탕 일도점,제주특별자치도 제주시 연신로 17,33.4993593886294,126.545069238101,일도2동,6,한식,단품요리 전문
417,본초불닭발남원점,제주특별자치도 서귀포시 남원읍 태위로 672-2,33.2787164212238,126.718174292508,남원읍,6,한식,치킨
418,주식회사 제주담,제주특별자치도 제주시 한림읍 명월로 83-1,33.3860843956457,126.26705657881,구좌읍,6,한식,가정식
419,괸당집 서귀포신시가지점,제주특별자치도 서귀포시 김정문화로 67-1 1층,33.2508776833231,126.511854113846,대륜동,6,한식,가정식
420,7번가피자 중문점,제주특별자치도 서귀포시 신서로 69 강정지예타운 102동 1층 102호,33.2564793775915,126.505299797753,중문동,5,패스트푸드,피자
421,군족 삼화점,제주특별자치도 제주시 동화로 74 1층,33.5135610742446,126.572400840858,화북동,6,고기,보쌈
422,한라향,제주특별자치도 제주시 도남로 104,33.491158642495,126.527781288758,이도2동,6,한식,가정식
423,효돈연탄구이,제주특별자치도 서귀포시 하신상로 7,33.2613918925866,126.617372871632,효돈동,6,한식,고기
424,아구야놀게마씸,제주특별자치도 제주시 월랑북길 30,33.4919086416037,126.47685793361,노형동,6,한식,단품요리 전문
425,가리본가 노형점,제주특별자치도 제주시 수덕9길 84,33.4830405745846,126.47025367205,노형동,6,한식,단품요리 전문
426,신마녀신제주점,제주특별자치도 제주시 신광로6길 26,33.4880982183458,126.487052493786,연동,6,한식,가정식
427,김녕에사는김영훈,제주특별자치도 제주시 구좌읍 김녕로6길 2 1층,33.5542653975533,126.746336284699,구좌읍,6,한식,단품요리 전문
428,봉하깡통구이,제주특별자치도 제주시 삼무로3길 36,33.4905110555701,126.491976281492,연동,6,한식,가정식
429,제주창스닥,제주특별자치도 제주시 선덕로 4 1층,33.4855037812406,126.497079680933,연동,5,패스트푸드,치킨
430,칠프로칠백식당아라직영점,제주특별자치도 제주시 아란9길 6-5,33.4729124866974,126.544785875174,아라동,6,한식,가정식
431,국수마씸,제주특별자치도 제주시 관덕로2길 24 1층,33.5109746237889,126.52094171969,삼도2동,6,한식,단품요리 전문
432,유유녹명,제주특별자치도 제주시 애월읍 광상로 272 1층,33.4436270849246,126.404100904258,애월읍,6,한식,가정식
433,자담치킨 보목점,제주특별자치도 서귀포시 칠십리로 428,33.2433350102436,126.596967041604,송산동,5,피자.치킨.햄버거,치킨
434,곤지암할매소머리국밥신제주점,제주특별자치도 제주시 삼무로 60,33.4896293262621,126.492995686772,연동,6,한식,국밥
435,제라진감자탕,제주특별자치도 제주시 다랑곶길 33 목성빌라 1층,33.4888040042139,126.481015686024,연동,6,한식,단품요리 전문
436,스페샬삼도점,제주특별자치도 제주시 고전길 31,33.5084658661787,126.524430664315,이도1동,6,한식,가정식
437,배터지는생동까스인화점,제주특별자치도 제주시 고마로 38,33.510617834826,126.538751529389,일도2동,4,간식,분식
438,노가리앤비어  노형점,제주특별자치도 제주시 월랑로10길 21,33.4903073909062,126.477557188418,노형동,3,주점및주류판매,맥주/요리주점
439,제주설심당 동홍점,제주특별자치도 서귀포시 문부로 2 1층,33.2519114207843,126.567962060217,동홍동,4,카페,커피
440,국수와야식,제주특별자치도 제주시 조천읍 조함해안로 60,33.542368364171,126.636632424814,성산읍,6,한식,면류
441,쏭스핫도그제주강정점,제주특별자치도 서귀포시 이어도로 633 101호,33.2342248915198,126.484132535226,대천동,4,간식,베이커리
442,EQ치킨,제주특별자치도 서귀포시 대정읍 상모로289번길 16-6,33.2228816985236,126.257227240779,대정읍,5,패스트푸드,치킨
443,피자탑 외도하귀점,제주특별자치도 제주시 애월읍 하귀동남1길 32-15 1층,33.4846213034121,126.415513886165,애월읍,5,패스트푸드,피자
444,제주치킨,제주특별자치도 서귀포시 중앙로48번길 14-1 1층,33.2491305566321,126.5632736687,한경면,5,패스트푸드,치킨
445,함지신신불닭발5호점,제주특별자치도 제주시 절물1길 24 1층,33.4906974280366,126.431435736014,외도동,6,한식,치킨
446,괸당집 서귀포점,제주특별자치도 서귀포시 동홍로 21,33.2504243546533,126.567648633135,중앙동,6,한식,가정식
447,삼성혈해물탕1호점,제주특별자치도 제주시 도두항서7길 23 1층,33.5038949271686,126.465370306657,도두동,6,한식,해물탕
448,땅스부대찌개 모슬포점,제주특별자치도 서귀포시 대정읍 신영로 112 1층,33.2218122246273,126.254186349999,대정읍,6,한식,가정식
449,바베큐통족구이 중문점,제주특별자치도 서귀포시 중문로26번길 13 1층,33.2535872920864,126.425665152574,중문동,6,고기,보쌈
450,시영통닭용담점,제주특별자치도 제주시 용문로 160 1층,33.5086651700729,126.510440488935,용담2동,5,피자.치킨.햄버거,치킨
451,래용,제주특별자치도 제주시 우정로 17 1층,33.4912125255095,126.4311650824,외도동,1,아시아음식,일식
452,돈오름,제주특별자치도 서귀포시 대정읍 영락리 1487-1,33.2499039697104,126.209809369207,표선면,6,한식,가정식
453,얼레디훅 (ALREADY HOOK),제주특별자치도 제주시 인다4길 50 1층,33.4701766318189,126.54866848034,아라동,4,음료,커피
454,역전할머니맥주제주표선점,제주특별자치도 서귀포시 표선면 표선중앙로 94,33.3256075198217,126.833831162522,표선면,3,주점및주류판매,맥주/요리주점
455,동글랑마카롱,제주특별자치도 서귀포시 중산간동로 8016-3,33.2645734787501,126.560228522966,동홍동,4,카페,커피
456,부산아지매집,제주특별자치도 제주시 애월읍 애월로 194,33.462822284468,126.327930033082,노형동,6,한식,가정식
457,족발좌선생,제주특별자치도 제주시 한림읍 사가길 11-1,33.4150612992781,126.263113889236,한림읍,6,한식,족발
458,돌아온놀부네,제주특별자치도 서귀포시 신동로47번길 9,33.2527608139726,126.511874978093,대륜동,6,한식,가정식
459,서귀포어촌식당,제주특별자치도 서귀포시 일주동로 8709-1 1층,33.2524672639618,126.557902046493,천지동,1,아시아음식,일식
460,김한미술관,제주특별자치도 제주시 한림읍 한상로 115,33.409043091002,126.287168242607,한림읍,4,음료,커피
461,귤밭사이로수제돈가스,제주특별자치도 서귀포시 이어도로 845,33.236095445977,126.505476096407,대천동,6,한식,돈까스
462,밥의정석,제주특별자치도 서귀포시 중앙로 198-26,33.2619161348681,126.561767856267,동홍동,6,한식,가정식
463,돌솥마당,제주특별자치도 제주시 고마로16길 8,33.5056530579761,126.540187502953,일도2동,6,한식,가정식
464,제주통큰장어별관,제주특별자치도 제주시 청귤로3길 50 1층,33.5015551947685,126.542125616246,이도2동,6,한식,장어
465,산촌오리외도점,제주특별자치도 제주시 우정로8길 1,33.4890799057782,126.430418610403,외도동,6,한식,단품요리 전문
466,아꼬아,제주특별자치도 서귀포시 동부로 7,33.2453687579404,126.569580177911,정방동,6,한식,가정식
467,식전당포,제주특별자치도 제주시 광양14길 17-1 1층,33.497581678939,126.52924943718,이도2동,6,한식,단품요리 전문
468,맘스터치 협재점,제주특별자치도 제주시 한림읍 한림로 322,33.3924011630937,126.23964074304,한림읍,5,피자.치킨.햄버거,치킨
469,정씨네소몰이,제주특별자치도 제주시 동광로9길 43 1층,33.5043050335955,126.530413762519,이도1동,6,한식,가정식
470,재흥각,제주특별자치도 서귀포시 대정읍 중산간서로 2244,33.2809229861303,126.288619367889,대정읍,1,아시아음식,중식
471,해를품은닭표선점,제주특별자치도 서귀포시 표선면 표선중앙로 84,33.3258348751557,126.832863900483,표선면,5,피자.치킨.햄버거,치킨
472,인생극장동홍점,제주특별자치도 서귀포시 동홍중앙로66번길 30-7 1층,33.2558394736744,126.575426340053,동홍동,6,한식,단품요리 전문
473,카페인중독 제주삼성점,제주특별자치도 제주시 전농로 119 트리뷰아일렌트오피스텔 103호,33.5048140133915,126.525829586472,이도1동,4,음료,커피
474,영식이네짜장,제주특별자치도 제주시 조천읍 일주동로 762,33.5306798226888,126.622573211129,조천읍,1,아시아음식,중식
475,흑돼지가노는집,제주특별자치도 제주시 애월읍 하귀로 118,33.4837105998265,126.408650978717,애월읍,6,한식,돼지고기
476,아베크아롬,제주특별자치도 서귀포시 대정읍 영어도시로 22 1층,33.2744326268437,126.27880153655,대정읍,4,간식,베이커리
477,이래올래,제주특별자치도 서귀포시 이중섭로 12-1,33.2469279094962,126.563926409446,정방동,6,한식,가정식
478,신시가지횟집,제주특별자치도 서귀포시 신서귀로97번길 64,33.2530086793822,126.506076865495,대천동,1,일식.회,회
479,처갓집양념치킨도남시청점,제주특별자치도 제주시 신성로 19,33.4963298519357,126.52167784939,이도2동,5,패스트푸드,치킨
480,피자탑성산점,제주특별자치도 서귀포시 성산읍 성산등용로17번길 55 리치유클래시아 1층 100호,33.4602653881378,126.929488935871,성산읍,5,패스트푸드,피자
481,삼합소,제주특별자치도 제주시 서광로32길 40-1 1층,33.497288262439,126.529761750513,이도2동,1,아시아음식,일식
482,고향숯불막창구이일도점,제주특별자치도 제주시 고마로 131,33.5029785365037,126.542661919894,일도2동,6,한식,막창
483,투다리 유나이티드점,제주특별자치도 제주시 신광로10길 30,33.4839991194962,126.486832309126,연동,3,주점및주류판매,꼬치구이
484,창천휴게음식점,제주특별자치도 서귀포시 안덕면 일주서로 1326,33.2653050117589,126.371672155566,안덕면,6,한식,단품요리 전문
485,레드팬더,제주특별자치도 제주시 신대로18길 51,33.4846096012945,126.490967488523,연동,1,아시아음식,중식
486,신설돈가,제주특별자치도 제주시 고마로 21,33.512351480746,126.538672478498,일도2동,6,한식,가정식
487,한림통큰장어,제주특별자치도 제주시 한림읍 한림로 525,33.405177384199,126.254843520586,한림읍,6,한식,가정식
488,제주셀로나,제주특별자치도 제주시 조천읍 신와로 62,33.5227050340726,126.615763652661,구좌읍,6,한식,단품요리 전문
489,하도리1091,제주특별자치도 제주시 구좌읍 하도13길 32,33.5098823409955,126.889731366072,구좌읍,6,한식,가정식
490,바당조배기,제주특별자치도 제주시 서해안로 155 1층,33.5036781832811,126.465662426401,도두동,6,한식,단품요리 전문
491,꼬꼬앤쿡,제주특별자치도 제주시 서광로 223 1층,33.5000761695988,126.520423868774,삼도1동,6,한식,단품요리 전문
492,하루방순대앤막창,제주특별자치도 서귀포시 남원읍 태위로 690,33.2791658391377,126.720149592261,남원읍,6,고기,막창
493,동홍정육식당,제주특별자치도 서귀포시 동홍중앙로 30 1층,33.2530480358913,126.572088177253,동홍동,6,한식,고기
494,비비큐제주김녕점,제주특별자치도 제주시 구좌읍 김녕로 102-1,33.554079883975,126.749007368025,구좌읍,5,패스트푸드,치킨
495,오뚜기과자점,제주특별자치도 서귀포시 남원읍 태위로 129 1층,33.2750098280507,126.661182311544,남원읍,4,간식,베이커리
496,포야호,제주특별자치도 제주시 우정로7길 30,33.4891113240119,126.434108041587,외도동,5,패스트푸드,치킨
497,구피풋,제주특별자치도 제주시 광양10길 11 지하 1층,33.4989631588958,126.529099048669,이도2동,6,한식,단품요리 전문
498,금돈상회,제주특별자치도 제주시 광양8길 11,33.4998030091693,126.528368639218,이도2동,6,한식,돼지고기
499,맥도날드 제주공항DT점,제주특별자치도 제주시 도령로 159,33.4950341027653,126.492556456889,용담2동,2,양식,양식
500,웃드르,제주특별자치도 서귀포시 표선면 토산세화로 37,33.3324353348952,126.772724382686,표선면,6,한식,가정식
501,하올람커피,제주특별자치도 서귀포시 명동로 32 2층,33.2473561929693,126.5653713923,송산동,6,한식,커피
502,다다익고정육식당 제주사수점,제주특별자치도 제주시 서해안로 317 1층,33.509565870437,126.479180622209,도두동,6,한식,고기
503,청우가든,제주특별자치도 제주시 조천읍 일주동로 792,33.5307460990221,126.625904481472,조천읍,6,한식,가정식
504,비아제주,제주특별자치도 제주시 삼무로9길 11,33.4927090152319,126.494879994527,연동,6,한식,단품요리 전문
505,대하포차,제주특별자치도 제주시 성지로 76 1층,33.5115074879412,126.531223624369,일도2동,6,한식,가정식
506,춘천손가닭갈비,제주특별자치도 서귀포시 일주동로 8603,33.254389205585,126.569057875158,동홍동,6,한식,갈비
507,투썸플레이스 제주모슬포점,제주특별자치도 서귀포시 대정읍 최남단해안로 44,33.2166705804319,126.252112247297,대정읍,4,음료,커피
508,대영한밥상,제주특별자치도 제주시 삼무로 68,33.4895934366699,126.493876402917,연동,6,한식,가정식
509,마트리모니오,제주특별자치도 제주시 아연로 195 1층,33.4689132115591,126.510098476437,오라동,6,한식,단품요리 전문
510,예래미반,제주특별자치도 서귀포시 예래로 452 1층,33.2355567004052,126.369848995049,예래동,6,한식,가정식
511,부가네얼큰이신시가지점,제주특별자치도 제주시 연화로 41,33.4781492702133,126.487431744585,연동,6,한식,가정식
512,라멩하우스,제주특별자치도 제주시 조천읍 북촌7길 7,33.5484595398702,126.693649920683,조천읍,6,한식,가정식
513,미향해장국동홍점,제주특별자치도 서귀포시 동홍남로 37 2층,33.2570590400083,126.572249238413,동홍동,6,한식,해장국
514,수제김밥앤만두,제주특별자치도 서귀포시 대정읍 중산간서로 2382,33.2726641964011,126.279094284007,대정읍,4,간식,만두
515,오라숲소리,제주특별자치도 제주시 오라로 80,33.4955354178336,126.511773322015,오라동,6,한식,가정식
516,엄쟁이족발,제주특별자치도 제주시 월랑로6길 38,33.4904283561728,126.479994098441,노형동,6,한식,족발
517,항아라뚜껑아라점,제주특별자치도 제주시 아란4길 88,33.4698747390501,126.541533325824,아라동,6,한식,가정식
518,이도농원,제주특별자치도 제주시 서광로32길 34 1층,33.4977779003375,126.529424751756,이도2동,6,한식,가정식
519,핵밥제주연동점,제주특별자치도 제주시 도령로 103 연동한일씨티파크,33.4915954213563,126.488540380721,연동,6,한식,가정식
520,두끼 서귀포점,제주특별자치도 서귀포시 중앙로54번길 14 2층,33.2494614155919,126.562262262693,중앙동,4,간식,분식
521,백퍼갈비,제주특별자치도 제주시 화삼북로 66 2층,33.5171138205152,126.579943645305,삼양동,6,한식,갈비
522,팔마식당,제주특별자치도 서귀포시 홍중로 6,33.2534084582136,126.559116370614,서홍동,6,한식,가정식
523,부가네얼큰이 효돈점,제주특별자치도 서귀포시 효돈로 177,33.2638332051033,126.617772423646,효돈동,6,한식,돼지고기
524,삼공오공식당,제주특별자치도 서귀포시 서문로 5,33.2519939951639,126.560470217329,천지동,6,한식,가정식
525,바당아나고장어구이,제주특별자치도 서귀포시 솔동산로22번길 16,33.2437671120774,126.562631111027,송산동,6,한식,단품요리 전문
526,휴계농장외도점,제주특별자치도 제주시 우정로5길 28 1층,33.4899853775813,126.433646123697,외도동,6,한식,가정식
527,삼춘이야기노형점,제주특별자치도 제주시 광평동로 45,33.4832336349696,126.468680979524,노형동,6,한식,가정식
528,해조곱창,제주특별자치도 제주시 월랑로10길 12 1층,33.4895472503479,126.47719160281,노형동,6,한식,곱창
529,민박사봉평막국수도남점,제주특별자치도 제주시 삼봉로 10 1층,33.5205077493779,126.587474689441,이도2동,6,한식,면류
530,바토라브와르,제주특별자치도 제주시 노형동 718 1동 1층,33.4760722382393,126.482239863831,노형동,6,한식,단품요리 전문
531,성두길15포차,제주특별자치도 제주시 성두길 15 1층,33.4916123589249,126.494359207731,연동,3,주점,주류
532,쓰쓰카페,제주특별자치도 제주시 한경면 성굴로 34-6 1층,33.3382645893274,126.18370382914,한경면,4,음료,커피
533,제주덕구제주점,제주특별자치도 제주시 인다6길 57 1층,33.4751788259954,126.549249861644,아라동,6,한식,가정식
534,주민상회하귀점,제주특별자치도 제주시 애월읍 하광로 46,33.4819079137754,126.413840442601,애월읍,6,한식,가정식
535,오븐런,제주특별자치도 제주시 아란4길 66 1층,33.4718304815526,126.541532709364,아라동,6,한식,단품요리 전문
536,머들정원,제주특별자치도 서귀포시 남원읍 남조로 641-34,33.332741842631,126.705974743928,남원읍,4,간식,베이커리
537,덕이죽집,제주특별자치도 서귀포시 중앙로48번길 17,33.2493787583676,126.563345832191,중앙동,6,한식,단품요리 전문
538,금능자갈,제주특별자치도 제주시 한림읍 한림로 228 1층,33.3869150599273,126.23200804434,한림읍,6,한식,단품요리 전문
539,디트루키친(deetrue kitchen),제주특별자치도 제주시 아란1길 14 어반디빌 1층 102호,33.476594486618,126.540112441205,아라동,4,음료,커피
540,부산서면양곱창,제주특별자치도 제주시 연동8길 8,33.4851337279057,126.490514238975,연동,6,한식,단품요리 전문
541,바람과바다,제주특별자치도 제주시 조천읍 조함해안로 174,33.5507842702307,126.641896276995,조천읍,6,한식,단품요리 전문
542,표선한끼줍써,제주특별자치도 서귀포시 표선면 표선동서로 246,33.3257178351256,126.832790446422,표선면,6,한식,가정식
543,요메기섬,제주특별자치도 제주시 도두항길 10 1층,33.5058936707353,126.467173061503,도두동,6,한식,가정식
544,조마루뼈다귀외도점,제주특별자치도 제주시 수덕로 83,33.4835451306103,126.469521864113,외도동,6,한식,단품요리 전문
545,냄비에퐁닭,제주특별자치도 제주시 서광로32길 26-5,33.4981479560141,126.52879525941,이도2동,6,한식,치킨
546,7번가피자제주한림점,제주특별자치도 제주시 한림읍 동명북1길 11 1층,33.4086706105879,126.264335201423,한림읍,5,패스트푸드,피자
547,아살람,제주특별자치도 제주시 중앙로2길 7 1층,33.5165420674223,126.524132027642,삼도2동,6,한식,단품요리 전문
548,그래그래삼양점,제주특별자치도 제주시 건주로 43,33.515618997731,126.580987069057,삼양동,6,한식,단품요리 전문
549,빨간맛집 세화점,제주특별자치도 제주시 구좌읍 구좌로 46 1층,33.5231335124397,126.856289904407,구좌읍,6,한식,가정식
550,생선배또롱,제주특별자치도 서귀포시 동홍남로 57,33.2570315494536,126.574433047908,동홍동,6,한식,가정식
551,피치랑아라점,제주특별자치도 제주시 인다15길 5-6 상가동 1층 101호,33.4700262488437,126.548075536183,아라동,6,한식,가정식
552,언니식탁,제주특별자치도 제주시 애월읍 광성로 256-2 1층,33.4598106139797,126.434364527466,애월읍,6,한식,가정식
553,감저카페,제주특별자치도 서귀포시 대정읍 대한로 22,33.2297316618672,126.245176546347,대정읍,4,카페,커피
554,꽃까스,제주특별자치도 서귀포시 천제연로 172 1층,33.2517440642232,126.422968302012,중문동,6,한식,단품요리 전문
555,수창닭갈비일도점,제주특별자치도 제주시 천수동로 19,33.5086943671544,126.544916107247,일도2동,6,한식,갈비
556,카페힐섬2020,제주특별자치도 제주시 조천읍 조천북6길 58 1층,33.5395678432268,126.640898298314,조천읍,4,음료,커피
557,고성리안,제주특별자치도 서귀포시 성산읍 고성동서로 67,33.4507772576214,126.91427007083,성산읍,6,한식,단품요리 전문
558,비에이치씨오라점,제주특별자치도 제주시 연사길 79,33.4884519448169,126.510990789521,오라동,5,패스트푸드,치킨
559,산석쇠불고기,제주특별자치도 서귀포시 신서로48번길 61,33.2528362654807,126.511618621911,대륜동,6,한식,가정식
560,고추냉이식당,제주특별자치도 제주시 애월읍 광령5길 8 1층,33.4612601643908,126.435802206511,애월읍,6,한식,단품요리 전문
561,고씨네막창,제주특별자치도 제주시 신성로 88 1층,33.495921477329,126.528820234446,이도2동,6,한식,막창
562,제주섬돈,제주특별자치도 제주시 삼무로3길 46,33.4905558738576,126.491143494149,연동,6,한식,돼지고기
563,외도회수산,제주특별자치도 제주시 우정로18길 5 1층,33.4848338731303,126.430065516188,외도동,6,한식,회
564,해물나무제주한림점,제주특별자치도 제주시 한림읍 한림상로 105 1층,33.4097821053451,126.264383667198,한림읍,3,주점및주류판매,맥주/요리주점
565,고다시,제주특별자치도 제주시 오등동,33.443036127736,126.54068535707,아라동,6,한식,단품요리 전문
566,한라산풍경,제주특별자치도 서귀포시 남원읍 신례로 386-1,33.2939863153735,126.622920405861,남원읍,6,한식,가정식
567,제주에서첫번째,제주특별자치도 제주시 조천읍 조함해안로 514 1층,33.5425070858094,126.667655951211,이도1동,6,한식,가정식
568,레아스마카롱,제주특별자치도 제주시 수덕로 78,33.4852107060193,126.469853221483,노형동,4,간식,베이커리
569,조선제일국밥제주점,제주특별자치도 제주시 봉개대동6길 45,33.4882037745859,126.593717908529,봉개동,6,한식,국밥
570,영반점,제주특별자치도 제주시 남성로 129-5 1층,33.5093657629473,126.51911038545,삼도2동,1,아시아음식,중식
571,도우미식당,제주특별자치도 서귀포시 남원읍 중산간동로 7407,33.2884739657959,126.606691617959,남원읍,6,한식,가정식
572,엠제이돼지본점,제주특별자치도 제주시 신성로 103,33.4969381063974,126.529862753603,이도2동,3,주점및주류판매,돼지고기
573,육오구연탄구이,제주특별자치도 제주시 조공포길 53 1층,33.4874320358047,126.434465970096,외도동,6,한식,고기
574,엉또토종닭샤브샤브,제주특별자치도 서귀포시 태평로537번길 3,33.2522364779574,126.574268499312,동홍동,6,한식,샤브샤브
575,투다리정든점,제주특별자치도 제주시 달마루길 12,33.4891805993433,126.474682067676,노형동,3,주점및주류판매,꼬치구이
576,윈드스테이,제주특별자치도 제주시 테우해안로 64 1층,33.496326417651,126.441570017323,외도동,6,한식,단품요리 전문
577,서귀포의아침한식뷔페,제주특별자치도 서귀포시 태평로 95,33.2449915294949,126.533813243698,대륜동,6,한식,가정식
578,애월기록,제주특별자치도 제주시 애월읍 번대동길 4 1층,33.4783643320647,126.391839005605,애월읍,6,한식,단품요리 전문
579,순미네대구반고개무침회,제주특별자치도 서귀포시 대정읍 영서중로13번길 9-8,33.2219796366576,126.254514359226,대정읍,6,한식,가정식
580,먼트커피,제주특별자치도 제주시 정존5길 31 1층,33.4848517192598,126.47237358457,노형동,4,음료,커피
581,터미널남원식당,제주특별자치도 제주시 서광로3길 6,33.5006132781132,126.513539632111,용담1동,6,한식,가정식
582,구좌모메존흑돼지,제주특별자치도 제주시 구좌읍 세화1길 17 1층,33.5253782533059,126.854383947441,구좌읍,6,한식,돼지고기
583,안트레밀,제주특별자치도 제주시 남광로 107 1층,33.4975617592112,126.545846884055,이도2동,6,한식,단품요리 전문
584,이스턴파트,제주특별자치도 제주시 조천읍 함덕남8길 9,33.5349791514227,126.674549321406,조천읍,2,양식,양식
585,서문올레,제주특별자치도 제주시 서문로4길 13-2,33.5113511633008,126.517906226919,용담1동,6,한식,가정식
586,새서울두루치기,제주특별자치도 서귀포시 태평로 406,33.2444998155259,126.563643066816,송산동,6,한식,가정식
587,밀림원,제주특별자치도 제주시 조천읍 남조로 2446 1층,33.4820542827226,126.653909835039,조천읍,6,한식,가정식
588,예쁘다애월,제주특별자치도 제주시 애월읍 구엄길 1,33.4745788117946,126.375497726504,애월읍,6,한식,단품요리 전문
589,엘리펀드힙,제주특별자치도 제주시 탑동로 20 1층,33.5174576906204,126.522881658174,삼도2동,2,양식,양식
590,바당각재기,제주특별자치도 제주시 선반로6길 21,33.513208159735,126.562757704384,화북동,6,한식,가정식
591,고기마씸,제주특별자치도 제주시 삼봉로 110 1층,33.5116468022969,126.588830043063,이도2동,6,한식,단품요리 전문
592,돈야탑촌,제주특별자치도 제주시 광양8길 7,33.4997275198069,126.528693507034,삼도1동,6,한식,가정식
593,일오삼가든,제주특별자치도 제주시 진남로8길 13 1층,33.5201957546509,126.567015244739,화북동,6,한식,고기
594,제주버들못,제주특별자치도 서귀포시 표선면 표선중앙로32번길 36,33.3278863677613,126.82818499878,표선면,6,한식,가정식
595,비자림 길,제주특별자치도 제주시 구좌읍 비자림로 2682 1층,33.5247323077901,126.837258395383,구좌읍,6,한식,가정식
596,가자고산,제주특별자치도 제주시 한경면 용고로 76,33.3005279705317,126.180397243739,한경면,1,아시아음식,중식
597,제주인화찐방,제주특별자치도 서귀포시 동홍로 19,33.2503109012725,126.567640499847,중앙동,6,한식,단품요리 전문
598,칭따오객잔,제주특별자치도 제주시 신대로16길 51 2층,33.4867610886113,126.49105948803,연동,1,아시아음식,중식
599,나영이네 해장국,제주특별자치도 제주시 천수로9길 5,33.5046743240433,126.542290856432,일도2동,6,한식,단품요리 전문
600,비자림길,제주특별자치도 제주시 구좌읍 비자림로 2682 1층,33.5247323077901,126.837258395383,구좌읍,6,한식,가정식
601,우솔해장국,제주특별자치도 서귀포시 동홍남로82번길 1,33.2566884576907,126.577069535291,동홍동,6,한식,해장국
602,제주돼학교,제주특별자치도 제주시 신설로9길 48 1층,33.4943937611236,126.547849980558,이도2동,6,한식,가정식
603,제주코,제주특별자치도 제주시 한림읍 중산간서로 4494,33.3728070224783,126.284554265624,한림읍,6,한식,가정식
604,가야복집,제주특별자치도 제주시 오복2길 35,33.4930872136326,126.537213617367,이도2동,6,한식,단품요리 전문
605,황금돈사랑,제주특별자치도 서귀포시 하신상로 28,33.2630828912264,126.617662679392,효돈동,6,한식,가정식
606,주민상회 용담점,제주특별자치도 제주시 흥운길 34,33.5117604601998,126.512256742139,용담2동,6,한식,가정식
607,주인의취향,제주특별자치도 서귀포시 서호남로 91,33.2531401460418,126.52228132127,대륜동,6,한식,단품요리 전문
608,도리골토종닭,제주특별자치도 제주시 조천읍 남조로 1770,33.4261184131641,126.674988825065,조천읍,6,한식,치킨
609,청담이상 제주시청점,제주특별자치도 제주시 신성로13길 13 3층,33.4991086261149,126.529679376528,이도2동,1,일식.회,일식
610,백스비어 서귀포성산점,제주특별자치도 서귀포시 성산읍 동류암로 39-4 2층,33.4483838910946,126.916458326125,성산읍,3,주점및주류판매,맥주/요리주점
611,삼룡정,제주특별자치도 제주시 남성로 97 1층,33.5083269168698,126.515884035811,용담1동,6,한식,가정식
612,그림책카페노란우산,제주특별자치도 서귀포시 안덕면 녹차분재로 32 1층,33.2885187034077,126.302817967365,안덕면,4,카페,커피
613,부비곶뼈해장국,제주특별자치도 제주시 도남로 7 1층,33.4992396248577,126.525187177233,이도2동,6,한식,해장국
614,상원가든,제주특별자치도 서귀포시 대정읍 송악관광로 132,33.2217257886265,126.265283403107,대정읍,6,한식,고기
615,회달리다,제주특별자치도 제주시 인다2길 12,33.4766892744175,126.549746835454,아라동,6,한식,가정식
616,메리앤커피,제주특별자치도 제주시 가령골길 19 1층 1호,33.5046555361895,126.540941173793,일도2동,6,한식,커피
617,진19262호점,제주특별자치도 제주시 달마루길 14,33.4893052757123,126.474508722089,노형동,6,한식,가정식
618,에버그린 돈까스,제주특별자치도 제주시 애월읍 애월로 40,33.4619976492605,126.312840723424,애월읍,1,일식.회,일식
619,치킨매니아연동노형점,제주특별자치도 제주시 과원북4길 57 1층,33.4812294733698,126.487824388997,연동,5,패스트푸드,치킨
620,구하나구칠,제주특별자치도 서귀포시 효돈로 152 1층,33.2635043863192,126.614910649793,효돈동,6,한식,단품요리 전문
621,광양이조 연동점,제주특별자치도 제주시 신대로16길 6 102호,33.4869057278854,126.495608128335,연동,6,한식,단품요리 전문
622,을찌로국물떡볶이서귀포점,제주특별자치도 서귀포시 서문로 11,33.2516173782872,126.560136974363,천지동,4,간식,분식
623,한와담제주점,제주특별자치도 서귀포시 안덕면 녹차분재로 44-5 1층 107호,33.2900595331531,126.302364699678,안덕면,6,한식,가정식
624,4아일랜드,제주특별자치도 서귀포시 칠십리로 113 4층,33.2422090270411,126.566656440696,송산동,6,한식,단품요리 전문
625,흑돼지자투리구이식당,제주특별자치도 서귀포시 천지로 42 1층,33.2511237579453,126.560143203238,천지동,6,한식,돼지고기
626,도리도리31(Doridori31),제주특별자치도 서귀포시 대정읍 글로벌에듀로 382,33.2803611885372,126.276992041207,대정읍,1,아시아음식,일식
627,제주한라대학교(제주한라더커먼스),제주특별자치도 제주시 한라대학로 38 한라대학교 금호세계교육관 1층,33.4767897566467,126.474151903132,노형동,6,한식,단품요리 전문
628,각이진별,제주특별자치도 제주시 한경면 명이1길 6,33.3210290493444,126.265356788087,한경면,6,한식,단품요리 전문
629,경성숯불양꼬치,제주특별자치도 제주시 신대로14길 36,33.4879358115551,126.492806172636,연동,3,주점및주류판매,고기
630,치킨과바람피자제주5호점,제주특별자치도 제주시 우평로 350,33.4842374956585,126.429365321093,외도동,5,패스트푸드,피자
631,정박사제주냉면,제주특별자치도 제주시 가령로 73,33.4981428230339,126.537821311397,이도2동,6,한식,단품요리 전문
632,갓포제호,제주특별자치도 제주시 구남동6길 23 1층,33.4881874223996,126.536782593755,이도2동,1,일식.회,일식
633,본도시락 제주삼화점,제주특별자치도 제주시 동화로 7 1층 104호,33.5194051495984,126.573119751223,화북동,6,한식,도시락
634,행복한 시저네,제주특별자치도 서귀포시 막동산로 5-4,33.2567295980033,126.525101577991,대륜동,6,한식,가정식
635,심야식당 코나카,제주특별자치도 제주시 인다14길 28-12,33.4707149002553,126.548350698811,아라동,3,주점,주류
636,바세츠아이스크림 동홍점,제주특별자치도 서귀포시 일주동로 8572 1층,33.2550911790174,126.572443300536,동홍동,4,베이커리.디저트,아이스크림/빙수
637,카페띠아모 제주중앙점,제주특별자치도 제주시 중앙로14길 5 선샤인빌딩 1층,33.5112360065585,126.523727330841,이도1동,4,간식,아이스크림/빙수
638,영해집,제주특별자치도 서귀포시 대정읍 하모상가로 34-2,33.2214141357774,126.252469323888,대정읍,6,한식,가정식
639,신제주은남,제주특별자치도 제주시 연동11길 30,33.48712801091,126.492944734514,연동,6,한식,가정식
640,도갈비,제주특별자치도 제주시 한라대학로 85 1층,33.4765261400995,126.479300826417,노형동,6,고기,갈비
641,아리나블루문,제주특별자치도 제주시 국기로 35 5층,33.4788229879424,126.490307171621,연동,6,한식,단품요리 전문
642,곤밥보리밥,제주특별자치도 제주시 애월읍 애원로 70-2,33.4582354252005,126.321812990935,애월읍,6,한식,단품요리 전문
643,불만난고기,제주특별자치도 서귀포시 중앙로 157,33.2584053959855,126.559655980249,서홍동,6,한식,단품요리 전문
644,제주금항아리,제주특별자치도 제주시 삼성로 85,33.5088205763396,126.534142293248,일도2동,6,한식,가정식
645,쏭스핫도그제주표선점,제주특별자치도 서귀포시 표선면 표선동서로 276-1,33.3278737593749,126.834775455283,표선면,4,간식,베이커리
646,원이조,제주특별자치도 제주시 전농로 70 1층,33.5041553140802,126.520838956051,삼도1동,6,한식,단품요리 전문
647,탐나는숯불갈비,제주특별자치도 제주시 연삼로 529,33.5019884774983,126.545547835482,일도2동,6,한식,갈비
648,요기국수,제주특별자치도 서귀포시 성산읍 일출로 2 1층,33.4470654964441,126.913094102587,성산읍,6,한식,면류
649,별인애월,제주특별자치도 제주시 애월읍 신용로 25 1층,33.4687900118239,126.36672323325,애월읍,6,한식,가정식
650,오는곳세화,제주특별자치도 제주시 구좌읍 해맞이해안로 1382,33.5275643449027,126.855602009088,구좌읍,6,한식,가정식
651,벵삭,제주특별자치도 제주시 구남동2길 14,33.4900499881255,126.536217984695,이도2동,1,일식.회,일식
652,고산별이아름답다,제주특별자치도 제주시 한경면 고산로 36,33.3042123060555,126.179612793452,한경면,6,한식,가정식
653,카페애옥,제주특별자치도 서귀포시 성산읍 삼달로 4,33.3692515462602,126.868294944109,성산읍,6,한식,커피
654,성심각,제주특별자치도 제주시 도남로15길 4-6 1층,33.490945631602,126.528904000132,이도2동,1,아시아음식,중식
655,미베이커리카페,제주특별자치도 서귀포시 이어도로 780,33.2360012201748,126.498828917545,대천동,4,간식,베이커리
656,팟타이시암,제주특별자치도 제주시 용화로 41-2,33.5098396637376,126.508207715427,용담2동,6,한식,단품요리 전문
657,태흥횟집,제주특별자치도 서귀포시 남원읍 남태해안로 435,33.281872283155,126.746023317772,남원읍,6,한식,회
658,두가시영,제주특별자치도 서귀포시 표선면 하천달산로9번길 98,33.3374107978128,126.842183116469,표선면,6,한식,가정식
659,해변정,제주특별자치도 서귀포시 안덕면 사계남로 157,33.2285505397974,126.306801768241,안덕면,6,한식,가정식
660,오사부양꼬치마라탕,제주특별자치도 제주시 화삼북로 66,33.5171138205152,126.579943645305,삼양동,1,아시아음식,중식
661,제주소금빵베이글포레스트,제주특별자치도 제주시 귀아랑길 29 101호,33.4910070312495,126.497551347758,연동,4,간식,베이커리
662,앨리스 연동점,제주특별자치도 제주시 국기중길 10 1층,33.4801454772334,126.491017054044,연동,4,카페,커피
663,우정곱창 서귀포점,제주특별자치도 서귀포시 동홍남로 61,33.2570379969781,126.575079276526,동홍동,6,고기,곱창
664,중문대양횟집,제주특별자치도 서귀포시 천제연로207번길 9,33.2526042911118,126.426845877858,중문동,6,한식,회
665,엠씨일반음식점,제주특별자치도 서귀포시 대정읍 중산간서로2262번길 34,33.2808661501282,126.283746112841,대정읍,6,한식,가정식
666,일사일(141),제주특별자치도 서귀포시 남원읍 태신해안로 227-3,33.2992866824749,126.766251428144,남원읍,6,한식,단품요리 전문
667,시머폿,제주특별자치도 제주시 인다1길 65 1층,33.4723612261961,126.552554493301,아라동,6,한식,가정식
668,밀밀스,제주특별자치도 서귀포시 안덕면 화순중앙로12번길 2 1층,33.2505945113314,126.334060636802,안덕면,2,양식,양식
669,참맛나흑돼지,제주특별자치도 제주시 신대로8길 29,33.4918415105939,126.49355632795,연동,6,한식,가정식
670,돈둥지,제주특별자치도 서귀포시 중앙로72번길 14,33.2511646937355,126.562751685536,중앙동,6,한식,돼지고기
671,썬더치킨 외도점,제주특별자치도 제주시 삼무로1길 10-9 모디움 1층 104호,33.4903863533114,126.488422992203,외도동,5,패스트푸드,치킨
672,매머드익스프레스 제주인제점,제주특별자치도 제주시 고마로 133 1층,33.5027655332191,126.542795733844,일도2동,6,한식,단품요리 전문
673,버무리떡볶이삼화점,제주특별자치도 제주시 화삼북로2길 32 1층,33.514490562214,126.576057629626,화북동,4,간식,분식
674,도르도르,제주특별자치도 서귀포시 명동로 12,33.247017423707,126.563150584957,정방동,1,아시아음식,일식
675,으뜸 아이스크림 할인점,제주특별자치도 제주시 서사로 78,33.5055014509365,126.519713777561,동홍동,4,간식,아이스크림/빙수
676,혼섬갈비,제주특별자치도 제주시 월랑로10길 6,33.4892914421393,126.476843435121,용담2동,6,한식,가정식
677,낮에정식밤에갈비,제주특별자치도 제주시 한림읍 한림상로 158,33.4123001613077,126.268930745451,한림읍,6,한식,갈비
678,홍가네고기집,제주특별자치도 제주시 서광로32길 12,33.4995160806138,126.528215553217,이도2동,6,한식,단품요리 전문
679,정자네흑돼지국밥,제주특별자치도 제주시 한림읍 협재로 47,33.393884321102,126.247308801596,한림읍,6,한식,국밥
680,피자쿠치나신제주점,제주특별자치도 제주시 신대로 134 1층,33.4855062493612,126.496133566727,연동,5,패스트푸드,피자
681,꼼지락도시락,제주특별자치도 서귀포시 중문상로82번길 26,33.2544274197871,126.430054096046,중문동,6,한식,도시락
682,올드캡,제주특별자치도 서귀포시 안덕면 녹차분재로 58 1층,33.2908735852658,126.301913338489,안덕면,6,한식,단품요리 전문
683,과수원민박가든,제주특별자치도 서귀포시 색달로 22,33.2600065623077,126.406256780103,예래동,6,한식,고기
684,어매흑돼지,제주특별자치도 제주시 신광로10길 15,33.483727961128,126.487735659213,연동,6,한식,돼지고기
685,배롱개,제주특별자치도 제주시 구좌읍 해맞이해안로 434,33.5578038882139,126.794470249609,구좌읍,6,한식,가정식
686,구어라조연탄,제주특별자치도 제주시 서광로32길 28 1층,33.4982497477879,126.529056637756,이도2동,6,고기,고기
687,뷔쏭,제주특별자치도 서귀포시 동홍중앙로66번길 36-11 1층,33.2554259721404,126.576082958599,동홍동,4,간식,베이커리
688,삼산회관 서귀포중앙점,제주특별자치도 서귀포시 중앙로 73,33.2511705539579,126.561011207791,천지동,6,한식,가정식
689,초원코다리,제주특별자치도 제주시 한림읍 명재로 62-2,33.3935486176353,126.253061524558,한림읍,6,한식,가정식
690,표선얼큰이와피자디노,제주특별자치도 서귀포시 표선면 표선동서로 262,33.3267699223514,126.833646586103,표선면,5,패스트푸드,피자
691,금선수,제주특별자치도 제주시 동광로1길 21,33.5025336376737,126.528480819526,이도1동,6,한식,단품요리 전문
692,제주돔베막국수,제주특별자치도 제주시 한경면 고산로 35,33.304174124806,126.179360399719,한경면,6,한식,면류
693,주식회사 제주와함께,제주특별자치도 제주시 애월읍 애월해안로 274 1층,33.4687413103845,126.340186732725,노형동,6,한식,단품요리 전문
694,까불래기,제주특별자치도 서귀포시 보목로 21-11,33.2422054023107,126.599438051849,송산동,6,한식,단품요리 전문
695,설촌명가,제주특별자치도 제주시 설촌로 11,33.5224154515261,126.581328251154,삼양동,6,한식,가정식
696,표선장수고을,제주특별자치도 서귀포시 표선면 가시로 61,33.3325478854662,126.816653015863,표선면,6,한식,가정식
697,굽네치킨중문점,제주특별자치도 서귀포시 신서로 55,33.2549064896847,126.504755997537,중문동,5,패스트푸드,치킨
698,돈가마당,제주특별자치도 제주시 천수로6길 11,33.5024405889149,126.542206941331,이도2동,6,한식,돼지고기
699,정담가찌개랑,제주특별자치도 서귀포시 중문상로 32,33.2512057989523,126.425383595277,중문동,6,한식,가정식
700,루스트익스프레스루스트플레이스팍차이나,제주특별자치도 제주시 노연로 62 신성오피스텔 2층,33.4857694602424,126.486717176758,연동,2,양식,패밀리 레스토랑
701,한빛국수전문점,제주특별자치도 제주시 연동8길 8,33.4851337279057,126.490514238975,연동,6,한식,면류
702,중문포차,제주특별자치도 서귀포시 천제연로 208 1층,33.2514158825075,126.426654578784,중문동,6,한식,가정식
703,남문숯불바베큐앤치킨서귀포점,제주특별자치도 서귀포시 태평로 506 해피앙스 1층 103호,33.2500610295405,126.572168300686,동홍동,5,패스트푸드,치킨
704,더부쳐,제주특별자치도 제주시 애월읍 애월로11길 23-1 1층,33.466378539893,126.32021624584,애월읍,6,한식,가정식
705,안트레정식,제주특별자치도 제주시 오등봉길 48-13 1층,33.4769494144648,126.520616308356,아라동,6,한식,단품요리 전문
706,으뜸아이스크림할인점,제주특별자치도 제주시 서사로 78,33.5055014509365,126.519713777561,용담2동,4,간식,아이스크림/빙수
707,다정이네곱창집,제주특별자치도 제주시 은남1길 17,33.4890353068109,126.493998011136,연동,6,한식,곱창
708,청년피자 제주외도점,제주특별자치도 제주시 우정로 50 105호,33.4885215747132,126.430658986031,외도동,5,패스트푸드,피자
709,청춘괴기 동홍점,제주특별자치도 서귀포시 김정문화로41번길 24-5 1층,33.2535456968697,126.510434137788,동홍동,6,한식,가정식
710,빨간집이도주공점,제주특별자치도 제주시 구남로4길 4 1층,33.4894174021143,126.533640091891,이도2동,6,한식,가정식
711,서유기마라탕제주대점,제주특별자치도 제주시 제주대학로 115,33.4604105148225,126.562271154956,아라동,3,주점및주류판매,중식
712,흑생,제주특별자치도 제주시 애월읍 하귀9길 54-5 1층,33.4825194839652,126.414875561011,애월읍,6,한식,단품요리 전문
713,코멧1987,제주특별자치도 제주시 광양11길 8 1층,33.4990841689592,126.531028880155,이도2동,6,한식,단품요리 전문
714,교래삼복가든,제주특별자치도 제주시 조천읍 비자림로 653,33.4367577234965,126.676493730175,조천읍,6,한식,가정식
715,쎈얼큰이 본점,제주특별자치도 서귀포시 중정로91번길 44,33.251108162897,126.562829015055,중앙동,6,한식,가정식
716,노랑통닭 강정점,제주특별자치도 서귀포시 대청로25번길 8 1층,33.2530793332708,126.502832771713,대천동,5,패스트푸드,치킨
717,화수목야키토리,제주특별자치도 서귀포시 이어도로 856 2층,33.2357813560326,126.506325456261,대천동,6,한식,단품요리 전문
718,벌랑,제주특별자치도 제주시 벌랑길 61 1층,33.5260866953113,126.576886779899,삼양동,1,일식.회,회
719,사라숯불구이,제주특별자치도 제주시 서사로 109 1층,33.5026748882217,126.520066988297,삼도1동,6,한식,고기
720,순덕이네왕갈비,제주특별자치도 제주시 진남로10길 34,33.522179990708,126.567432161429,화북동,6,한식,갈비
721,건입동마을협동조합,제주특별자치도 제주시 임항로 68 마동 1층,33.5165771541236,126.532183623962,건입동,6,한식,가정식
722,조은이웃구이집,제주특별자치도 제주시 도령북길 1,33.4932434077035,126.484854209607,연동,6,한식,가정식
723,스페샬동문점,제주특별자치도 제주시 만덕로 32,33.5138628132631,126.531798379236,건입동,3,주점및주류판매,꼬치구이
724,베이커리카페70,제주특별자치도 서귀포시 신서로48번길 20-9 1층 1호,33.2530015271622,126.507114819076,정방동,4,간식,베이커리
725,네네치킨 서귀포 2호점,제주특별자치도 서귀포시 장수로 98,33.256282301752,126.557463659025,서홍동,5,패스트푸드,치킨
726,국수몰고랑,제주특별자치도 제주시 신대로10길 41 1층,33.4908091661736,126.492251081621,연동,6,한식,면류
727,소낭밭가든,제주특별자치도 서귀포시 대포복개로110번길 133,33.2522054681082,126.446706245487,중문동,6,한식,가정식
728,맛짱김밥삼양점,제주특별자치도 제주시 일주동로 360-1,33.5208504436705,126.58354071368,삼양동,4,간식,분식
729,외도아나고,제주특별자치도 제주시 일주서로 7620,33.4949960712456,126.46060813065,외도동,6,한식,단품요리 전문
730,검은여닭도가니,제주특별자치도 서귀포시 검은여로 4,33.244217746555,126.582062007703,송산동,6,한식,단품요리 전문
731,칠프로칠백식당 아라직영점,제주특별자치도 제주시 아란9길 6-5,33.4729124866974,126.544785875174,아라동,6,고기,소고기
732,아빠가만든찜,제주특별자치도 제주시 동문로 103-2,33.5142104732694,126.537705649726,건입동,6,한식,가정식
733,카페헤이브라운,제주특별자치도 제주시 아란2길 59,33.472118864924,126.541132711905,아라동,4,음료,커피
734,노가리앤비어(성산점),제주특별자치도 서귀포시 성산읍 고성오조로 88-2,33.4514769415072,126.914449324416,성산읍,3,주점및주류판매,맥주/요리주점
735,모살왓가든,제주특별자치도 제주시 한경면 두신로 21-28,33.344728565206,126.181487797668,한경면,6,한식,가정식
736,세가름,제주특별자치도 제주시 한경면 신한로 20,33.3493779645876,126.185064025163,한경면,6,한식,가정식
737,지기내,제주특별자치도 서귀포시 남원읍 태위로 659-1,33.2787629968011,126.717125072615,남원읍,6,한식,단품요리 전문
738,돈해상,제주특별자치도 제주시 한림읍 귀덕11길 39 1층,33.4463159356318,126.295935730122,한림읍,6,고기,돼지고기
739,거마가든,제주특별자치도 제주시 금월길 105,33.4799986835544,126.55411359727,아라동,6,한식,고기
740,돈사빠,제주특별자치도 서귀포시 대정읍 중산간서로 2405 1층,33.2709920620107,126.278020436862,대정읍,6,고기,돼지고기
741,정직한통닭 남원점,제주특별자치도 서귀포시 남원읍 남태해안로 121,33.277776641629,126.718170657009,남원읍,5,피자.치킨.햄버거,치킨
742,30년할매닭발,제주특별자치도 제주시 연수로3길 3,33.5024960304446,126.543206745863,외도동,6,한식,치킨
743,우진제비육개장,제주특별자치도 제주시 조천읍 번영로 1595,33.4590179002447,126.701908664501,조천읍,6,한식,육개장
744,치맥집칼호텔점,제주특별자치도 제주시 중앙로 135-1,33.5066140275067,126.525214066529,이도1동,6,한식,가정식
745,괸당집 성산점,제주특별자치도 서귀포시 성산읍 고성오조로 80,33.450874090916,126.914662554043,성산읍,6,한식,가정식
746,페리카나 아라점,제주특별자치도 제주시 인다12길 1 아라주공아파트 상가 1층 106호,33.4739186884163,126.54636509505,아라동,5,패스트푸드,치킨
747,런던1972,제주특별자치도 서귀포시 일주서로 1124,33.2644360646818,126.393226182494,예래동,6,한식,단품요리 전문
748,모이세해장국중앙점,제주특별자치도 제주시 관덕로6길 11 1층,33.5120862132923,126.522207242232,동홍동,6,한식,해장국
749,맛짱김밥삼도점,제주특별자치도 제주시 서사로 74-1,33.5057504838456,126.519717244962,삼도1동,6,한식,분식
750,회장님댁 제주시청점,제주특별자치도 제주시 서광로32길 31,33.4981620592214,126.529445917637,이도2동,6,한식,단품요리 전문
751,다모영식당,제주특별자치도 제주시 태성로3길 6,33.4993230170508,126.545673360027,일도2동,6,한식,단품요리 전문
752,고죽면 제주법원점,제주특별자치도 제주시 중앙로 320-2,33.4925022540871,126.535453177045,이도2동,6,한식,단품요리 전문
753,제주어멍국수 본점,제주특별자치도 제주시 선덕로3길 28 1층,33.488323037739,126.498854287195,연동,6,한식,가정식
754,낙원돈대패,제주특별자치도 제주시 한북로 165 2층,33.4630003186879,126.533651442795,아라동,6,한식,돼지고기
755,해양호식당,제주특별자치도 제주시 일주서로 7620,33.4949960712456,126.46060813065,이호동,6,한식,단품요리 전문
756,돼지아저씨족발,제주특별자치도 제주시 삼성로 73 한양신산타워빌 102호,33.5083040681182,126.532829017689,일도2동,6,한식,족발
757,탐라맥닭 탐라맥반석 닭구이,제주특별자치도 제주시 신산로 24 1층,33.5110545164375,126.531697158179,일도2동,6,한식,치킨
758,일도포차,제주특별자치도 제주시 연수로1길 2,33.5020685545746,126.543467489107,일도2동,6,한식,단품요리 전문
759,불타는여고24시한림점,제주특별자치도 제주시 한림읍 한림상로 279,33.4229774148295,126.265760122686,한림읍,6,한식,가정식
760,자담치킨김녕점,제주특별자치도 제주시 구좌읍 김녕로21길 8,33.5566895321628,126.755899932059,구좌읍,5,패스트푸드,치킨
761,광양고을빈대떡,제주특별자치도 제주시 중앙로 180-1,33.5029619389255,126.527167808534,이도1동,6,한식,단품요리 전문
762,못난이찹쌀꽈배기 신시가지점,제주특별자치도 서귀포시 신서귀로 35 1층 1호,33.2522528627382,126.510665518358,대륜동,4,간식,베이커리
763,평화로빵,제주특별자치도 제주시 서사로 149-1,33.4989318797891,126.520030824221,노형동,6,한식,베이커리
764,마약해물파전,제주특별자치도 서귀포시 중정로61번길 14,33.2490437833792,126.562929645963,중앙동,6,한식,가정식
765,비금향,제주특별자치도 제주시 애월읍 항몽로 133,33.4725833435817,126.40924984375,애월읍,6,한식,가정식
766,카페 이안 갤러리,제주특별자치도 제주시 첨단로 213-4,33.4529029642094,126.572552077426,아라동,4,카페,커피
767,구남로7길,"제주특별자치도 제주시 구남로7길 36 상가동 109,110호",33.4923462530444,126.534245491099,이도2동,6,한식,가정식
768,곽지바다,제주특별자치도 제주시 애월읍 곽지1길 18 1층 제2호,33.4477972838008,126.304618868837,애월읍,6,한식,단품요리 전문
769,야뜨리,제주특별자치도 서귀포시 칠십리로 113,33.2422090270411,126.566656440696,송산동,6,한식,단품요리 전문
770,왕자반점,제주특별자치도 서귀포시 정방로 7-5,33.2480088078148,126.56840479765,정방동,1,아시아음식,중식
771,좋아좋아숯불갈비2호점,제주특별자치도 제주시 신대로20길 28 하이츠빌 1층 101호,33.4838497236729,126.49349438758,연동,6,한식,갈비
772,해주소반 예래점,제주특별자치도 서귀포시 예래로 307 1층,33.241243102657,126.381863741796,예래동,6,한식,가정식
773,차이나마씸,제주특별자치도 서귀포시 칠십리로 474,33.2414035446108,126.601335402751,송산동,1,아시아음식,중식
774,Gift of Kaldi (칼디의 선물),제주특별자치도 제주시 명신1길 20 1층,33.500144981179,126.501089137123,용담2동,6,한식,단품요리 전문
775,제주정낭집 아라점,제주특별자치도 제주시 인다2길 8 1층 101호,33.4771215052249,126.549698660056,아라동,6,한식,가정식
776,홍대감더덕토종닭,제주특별자치도 제주시 구좌읍 비자림로 1772 1층,33.4670047169039,126.773665335269,구좌읍,6,한식,치킨
777,산방식당 함덕점,제주특별자치도 제주시 조천읍 함덕로 14 1층,33.5411581129074,126.673481150535,조천읍,6,한식,가정식
778,라움이즈,제주특별자치도 서귀포시 대정읍 중산간서로 2242,33.2808446417358,126.288919706416,대정읍,6,한식,단품요리 전문
779,노형엔횟집,제주특별자치도 제주시 다랑곶4길 30,33.489157376186,126.479412685217,노형동,6,한식,회
780,노형순창갈비,제주특별자치도 제주시 진군3길 1 1층,33.4774968860591,126.480568741041,노형동,6,한식,가정식
781,프레드피자 서귀포점,제주특별자치도 서귀포시 홍중로 47,33.2570088267245,126.556955072798,서홍동,5,패스트푸드,피자
782,그리다앤쿡,제주특별자치도 제주시 신성로 111 2층,33.4974926754244,126.530647368102,이도2동,2,양식,양식
783,미화식탁,제주특별자치도 제주시 전농로 75-1 1층,33.5045306550317,126.521307620389,삼도2동,6,한식,가정식
784,오태식해바라기치킨성산점,제주특별자치도 서귀포시 성산읍 성산중앙로 52,33.4641058887547,126.93442456954,성산읍,5,패스트푸드,치킨
785,옥이네복돼지,제주특별자치도 제주시 삼무로 11-1,33.4904461205191,126.48798437374,연동,6,한식,가정식
786,더벌브,제주특별자치도 제주시 남성로 129,33.509140651061,126.5191143213,삼도1동,6,한식,단품요리 전문
787,수리조아라,제주특별자치도 제주시 임항로 280,33.5158805246188,126.53819845289,건입동,6,한식,단품요리 전문
788,중문양꼬치,제주특별자치도 서귀포시 천제연로208번길 2,33.2514838882164,126.426777003161,중문동,6,한식,가정식
789,작은언덕의선물,제주특별자치도 제주시 중산간동로 188-8,33.5016218301554,126.610666437423,봉개동,6,한식,단품요리 전문
790,삼화옛날통닭,제주특별자치도 제주시 화삼북로 7 1층,33.517525393359,126.573897405067,일도2동,5,패스트푸드,치킨
791,오늘무지개시청점,제주특별자치도 제주시 신성로13길 28-1 1층,33.4977450968667,126.530236433544,이도2동,6,한식,가정식
792,강남참숯구이,제주특별자치도 서귀포시 안덕면 서광동로 103,33.2953877700369,126.329758210974,안덕면,6,한식,가정식
793,플레르 엣 방,제주특별자치도 제주시 신성로14길 2 1층,33.4970049716065,126.530567461944,이도2동,3,주점,주류
794,둠비정원,제주특별자치도 서귀포시 신중로13번길 20,33.2571440486277,126.507865523629,대천동,6,한식,가정식
795,이도피자클래스,제주특별자치도 제주시 동고산로 22,33.4985248630423,126.533308562433,이도2동,2,양식,피자
796,함덕스마일찹쌀꽈배기,제주특별자치도 제주시 조천읍 신북로 523,33.5420394042026,126.665971016422,조천읍,6,한식,단품요리 전문
797,페리카나연동점,제주특별자치도 제주시 연동1길 10,33.4890894896082,126.486566532585,연동,5,패스트푸드,치킨
798,오늘와인한잔제주시청점,제주특별자치도 제주시 서광로32길 14 1층,33.4994668047016,126.528179016394,이도2동,3,주점및주류판매,주점
799,비노 데 제주(vino de jeju),제주특별자치도 제주시 인다10길 30,33.4742814930461,126.548934985282,아라동,3,주점및주류판매,주류
800,백년귤화다,제주특별자치도 제주시 중앙로11길 1 제주청년몰 1층,33.5125647740452,126.525066832378,이도1동,6,한식,단품요리 전문
801,육회한애월,제주특별자치도 제주시 애월읍 애월로 94 1층,33.464551321526,126.317316447001,애월읍,6,한식,가정식
802,한양관양꼬치,제주특별자치도 제주시 연삼로 450,33.4977389919107,126.538690274693,이도2동,6,한식,단품요리 전문
803,들렁모루,제주특별자치도 서귀포시 서홍로358번길 27-18 자연속으로,33.2805671602043,126.54477329351,서홍동,6,한식,가정식
804,어디가고,제주특별자치도 제주시 서광로32길 4,33.4999674221587,126.527908984717,이도2동,6,한식,가정식
805,돈사향서귀포점,제주특별자치도 서귀포시 천지로 20 1층,33.2493441056228,126.56092998722,천지동,6,한식,가정식
806,받거니주거니,제주특별자치도 서귀포시 대정읍 하모상가로 22,33.2214230685745,126.251061215548,대정읍,6,한식,가정식
807,체얌,제주특별자치도 서귀포시 일주동로 8705,33.2525673777495,126.558469646389,천지동,6,한식,가정식
808,깐깐한족발 제주노형점,제주특별자치도 제주시 한라대학로 86 1층,33.4761459479602,126.479195838174,노형동,6,고기,보쌈
809,둥이네고깃집베라체점,제주특별자치도 제주시 신설로9길 12-5 1층,33.493848701472,126.545963439892,이도2동,6,한식,단품요리 전문
810,각지불,제주특별자치도 제주시 조천읍 남조로 1751,33.4243878705853,126.675473533627,조천읍,6,한식,가정식
811,제주맑음,제주특별자치도 제주시 관덕로3길 1-1 1층,33.5134454568888,126.520994834387,삼도2동,6,한식,가정식
812,컵앤케이크,제주특별자치도 제주시 조천읍 함덕24길 6-6,33.5394058251588,126.674973080697,조천읍,6,한식,단품요리 전문
813,함스치킨앤숯불바베큐2호,제주특별자치도 제주시 서문로 25,33.5103493748329,126.513929553503,용담1동,6,한식,치킨
814,빵육사도너츠,제주특별자치도 제주시 동문로 91 1층,33.5140714397577,126.536376589062,건입동,4,간식,베이커리
815,함덕감자탕,제주특별자치도 제주시 조천읍 함덕로 28-1,33.542080422058,126.672415322662,조천읍,6,한식,단품요리 전문
816,알동네집,제주특별자치도 서귀포시 안덕면 화순로 6 1층,33.2535892396541,126.340695682571,한경면,6,한식,가정식
817,표선두루치기,제주특별자치도 서귀포시 표선면 가시로565번길 22,33.3530800871617,126.771439649932,표선면,6,한식,가정식
818,왕수네,제주특별자치도 제주시 신산로15길 40 1층,33.5071122282245,126.539007761426,일도2동,4,간식,베이커리
819,자가제빵선명희피자아라점,제주특별자치도 제주시 중앙로 532 1층,33.4756595428328,126.544584204611,아라동,5,패스트푸드,피자
820,자연을담다 지짐이,제주특별자치도 제주시 애월읍 하광로 49,33.4820679240521,126.41427446737,애월읍,6,한식,단품요리 전문
821,노기다제주특별자치도의회점,제주특별자치도 제주시 문연로 13,33.4904403154618,126.499562816655,연동,6,한식,단품요리 전문
822,광령힐식당,제주특별자치도 제주시 애월읍 광령남7길 1 나동 1층,33.4467012194448,126.430514753964,애월읍,6,한식,가정식
823,올레자매밥집,제주특별자치도 서귀포시 솔동산로21번길 17,33.2429020964242,126.565592476098,송산동,6,한식,가정식
824,코바코  서귀포점,제주특별자치도 서귀포시 이중섭로 5-1,33.247699746331,126.564324004443,정방동,6,한식,단품요리 전문
825,미정이네꺼멍돗괴기,제주특별자치도 제주시 한림읍 한림상로 193,33.4154406774494,126.26884153826,한림읍,6,한식,단품요리 전문
826,육장갈비외도점,제주특별자치도 제주시 우정로11길 4 1층,33.4876676499317,126.431398615284,외도동,6,한식,단품요리 전문
827,도새기1982 신서귀포점,제주특별자치도 서귀포시 신서귀로51번길 3 1층,33.253615571395,126.510983721695,대륜동,6,한식,가정식
828,탐라 중식당,제주특별자치도 제주시 노형10길 23,33.4833777569121,126.479657071391,노형동,6,한식,단품요리 전문
829,처갓집양념치킨 한림점,제주특별자치도 제주시 한림읍 한림상로 204 1층,33.4164920320925,126.268889707458,한림읍,5,패스트푸드,치킨
830,페리카나동문점,제주특별자치도 서귀포시 서문로29번길 18,33.248692865143,126.559224177916,일도1동,5,패스트푸드,치킨
831,라원양꼬치,제주특별자치도 제주시 월랑로4길 6 2호,33.4878823602855,126.478472682903,노형동,3,주점및주류판매,꼬치구이
832,탑동산호전복,제주특별자치도 제주시 탑동로 59,33.5180247164512,126.518644522726,삼도2동,6,한식,단품요리 전문
833,맛있는김밥하우스,제주특별자치도 서귀포시 일주동로 8547-9,33.2539599446616,126.575191401249,동홍동,6,한식,분식
834,난타5000피자 아라점,제주특별자치도 제주시 중앙로 581,33.4714153107944,126.545798068687,아라동,5,피자.치킨.햄버거,피자
835,일차돌노형점,제주특별자치도 제주시 원노형남1길 38 1층,33.4838431499281,126.48435747216,노형동,6,한식,가정식
836,정옥빵집,제주특별자치도 서귀포시 중앙로48번길 18,33.2491638609864,126.563488867787,중앙동,4,간식,베이커리
837,돈앤바당,제주특별자치도 제주시 월광로 144 1층,33.4916733980384,126.473850943535,노형동,6,한식,돼지고기
838,부가네얼큰이 연동점,제주특별자치도 제주시 노연로 137,33.4859932871715,126.494959009275,연동,5,피자.치킨.햄버거,치킨
839,곱창이야기 연동점,제주특별자치도 제주시 신대로14길 43,33.4876918828562,126.491804120501,연동,6,한식,단품요리 전문
840,히치하이커스라운지,제주특별자치도 제주시 서광로32길 19 지하1층,33.4990778333269,126.528788607245,이도2동,6,한식,가정식
841,낭뿌리식당,제주특별자치도 제주시 수덕9길 82 1층,33.4831842143677,126.470426239022,노형동,6,한식,가정식
842,미보삿뽀로참치,제주특별자치도 제주시 연동4길 36,33.4826691600448,126.487306676607,연동,1,아시아음식,일식
843,양군의케익한접시,제주특별자치도 제주시 화삼로 166 부영5차 상가,33.519287046742,126.586031336313,구좌읍,6,한식,단품요리 전문
844,달리는커피제주도남오거리점,제주특별자치도 제주시 도남로 34 도남34 1층 101호,33.4970436890246,126.525983329476,이도2동,4,음료,커피
845,자담치킨외도점,제주특별자치도 제주시 우정로 89,33.4848303625482,126.431106742303,외도동,5,패스트푸드,치킨
846,우리집이층,제주특별자치도 서귀포시 표선면 표선당포로 9 2층,33.3257597440874,126.84357564147,표선면,1,아시아음식,일식
847,굽네치킨표선점,제주특별자치도 서귀포시 표선면 표선중앙로 106,33.3256086680762,126.835166805033,표선면,5,패스트푸드,치킨
848,오른발왼발서귀포점,제주특별자치도 서귀포시 이중섭로 11,33.2470807983266,126.564458845032,정방동,6,한식,가정식
849,푸라닭제주영어교육도시점,제주특별자치도 서귀포시 대정읍 글로벌에듀로 370 이노에듀파크 1층 138호,33.2807296466008,126.2782437385,대정읍,6,한식,치킨
850,팔도실비집 삼화점,제주특별자치도 제주시 건주로4길 10-4 1층 101호,33.5164214315062,126.579900493025,삼양동,6,한식,가정식
851,수영밥상본점,제주특별자치도 제주시 우령안1길 29-1 1층,33.486098620576,126.429634052419,외도동,6,한식,단품요리 전문
852,에스엔씨라운지,제주특별자치도 서귀포시 동홍남로82번길 14-10,33.2557675266284,126.575823538678,동홍동,6,한식,단품요리 전문
853,난타5000연동신광점,제주특별자치도 제주시 성신로 24 1층,33.4918518918024,126.485201296979,연동,5,패스트푸드,피자
854,허밍브래드,제주특별자치도 서귀포시 중정로 70 1층,33.24777808645,126.563831943749,정방동,4,간식,베이커리
855,토크박스중흥점,제주특별자치도 제주시 한라대학로 99,33.4765267681661,126.480696962726,노형동,6,한식,단품요리 전문
856,백금당제주점,제주특별자치도 제주시 박성내동길 51 1층,33.4906514161469,126.543715716453,아라동,6,한식,단품요리 전문
857,늘봄커피편의점,제주특별자치도 제주시 한라대학로 12,33.4794710006086,126.47283548724,노형동,6,한식,커피
858,무모한초밥제주일도점,제주특별자치도 제주시 연삼로 537-1 1층,33.5023723359716,126.546324231295,일도2동,6,한식,일식
859,이삼구구,제주특별자치도 제주시 조천읍 신북로 536 1층,33.5414222706315,126.666977601524,조천읍,4,간식,분식
860,막창먹는놈 함덕점,제주특별자치도 제주시 조천읍 신북로 521-1 1층,33.5419093350362,126.665681675325,조천읍,6,한식,단품요리 전문
861,맵수다제대점,제주특별자치도 제주시 제주대학로7길 5-2,33.4606330012146,126.561013658905,아라동,6,한식,가정식
862,자갈치아구찜,제주특별자치도 서귀포시 중정로91번길 9,33.2492286308989,126.565532419954,중앙동,6,한식,아구찜
863,인쌩맥주제주연동점,제주특별자치도 제주시 신대로14길 51 1층,33.4877224633981,126.490951429845,연동,3,주점및주류판매,맥주/요리주점
864,우정곱창 연동점,제주특별자치도 제주시 연화중길 15,33.4775460176635,126.488851680497,연동,6,한식,곱창
865,재현이네갈비,제주특별자치도 제주시 선덕로 7,33.4858358342365,126.497523322428,연동,6,한식,갈비
866,맠(makk),제주특별자치도 제주시 진남로6길 3 1층,33.5192267759866,126.565536590436,일도1동,4,간식,베이커리
867,달떡볶이 서귀포점,제주특별자치도 서귀포시 중앙로 199 서강파인힐5차 상가 1층 2호,33.2622577816759,126.558536378334,서홍동,4,간식,분식
868,카페동경앤책방,제주특별자치도 제주시 애월읍 하귀로 74 2층,33.4813466633644,126.404851966739,애월읍,4,음료,커피
869,하귀바글바글가든,제주특별자치도 제주시 애월읍 하귀5길 6,33.4869500259843,126.416032576077,애월읍,6,고기,고기
870,왕왕순대국밥몸국,제주특별자치도 제주시 무근성7길 20 1층,33.5143114266278,126.520410352273,삼도2동,6,한식,국밥
871,레이지(Lazzzy),제주특별자치도 제주시 서광로11길 14 1층,33.5011400336766,126.516638297947,삼도1동,6,한식,단품요리 전문
872,일도바다장어구이,제주특별자치도 제주시 고마로16길 1,33.5054909980298,126.540734756574,일도2동,6,한식,장어
873,티바두마리치킨연동점,제주특별자치도 제주시 성신로2길 19 108호,33.4921031949026,126.487230747319,연동,5,패스트푸드,치킨
874,함덕주막,제주특별자치도 제주시 조천읍 함덕로 20 1층,33.5416509753717,126.672988333785,조천읍,6,한식,가정식
875,크라운호프아라점,제주특별자치도 제주시 아란7길 3-3,33.474043898094,126.545128958507,아라동,3,주점및주류판매,맥주/요리주점
876,탐나는패밀리앤흑미면옥,제주특별자치도 제주시 도남로7길 39,33.4968172489014,126.527291823496,이도2동,6,한식,단품요리 전문
877,오늘도치킨과맥주가좋다,제주특별자치도 제주시 한림읍 사가길 22,33.4155229887945,126.262322811303,한림읍,5,패스트푸드,치킨
878,윤스그릴,제주특별자치도 제주시 애월읍 하광로 42-1 102호,33.4820558342233,126.413567238297,애월읍,6,한식,단품요리 전문
879,모다드렁,제주특별자치도 제주시 조천읍 와선로 4-2,33.4907256388559,126.681916385317,남원읍,6,한식,가정식
880,바삭돈가스삼화점,제주특별자치도 제주시 화삼로 7 3층,33.514456071792,126.573809769992,화북동,6,한식,돈까스
881,중문미향해장국본점,제주특별자치도 서귀포시 천제연로 135,33.2537043254382,126.419741977568,예래동,6,한식,해장국
882,성남당과자점,제주특별자치도 제주시 서광로 207,33.5002395270601,126.518584360259,삼도1동,4,간식,베이커리
883,송가네 흑돼지,제주특별자치도 서귀포시 중앙로150번길 70,33.2635913797678,126.562182885481,동홍동,6,한식,돼지고기
884,윤가우동 서귀동점,제주특별자치도 서귀포시 홍중로27번길 1,33.2551539765574,126.558013966237,정방동,6,한식,단품요리 전문
885,깜보식당,제주특별자치도 제주시 서광로26길 12,33.4988729746119,126.524254123851,삼도1동,6,한식,가정식
886,두맹이동네순대국밥,제주특별자치도 제주시 신산로1길 26 1층,33.5130083140862,126.534485366782,일도2동,6,한식,국밥
887,서귀포토속촌,제주특별자치도 서귀포시 태평로512번길 1-4 1층,33.2503993913203,126.572713173379,동홍동,6,한식,가정식
888,몬난이네 장어구이,제주특별자치도 제주시 원노형로 64,33.4830700740824,126.484605430213,노형동,6,한식,장어
889,돈떵이용담점,제주특별자치도 제주시 용담로 28,33.5130951444553,126.505449977314,용담2동,6,한식,돼지고기
890,서림칡냉면,제주특별자치도 제주시 진동로3길 34 1층,33.5203195847135,126.566975554272,화북동,6,한식,단품요리 전문
891,소랑분식,제주특별자치도 제주시 신대로 67 1층,33.4913214722414,126.496987300071,연동,4,간식,분식
892,주식회사 양가형제,제주특별자치도 제주시 한경면 청수동8길 3,33.3073576010795,126.254020912003,노형동,5,패스트푸드,햄버거
893,도란도란행복한시간이흐르는곳,제주특별자치도 제주시 한림읍 명월성로 16,33.4073746848732,126.26554032813,한림읍,6,한식,단품요리 전문
894,세상을누비는김밥,제주특별자치도 제주시 만덕로6길 17 1층,33.5135211013563,126.530319313488,건입동,4,간식,분식
895,미스터짱닭시청점,제주특별자치도 제주시 서광로32길 37-5,33.4979032806584,126.529915324402,이도2동,5,패스트푸드,치킨
896,먹으래가게,제주특별자치도 제주시 서광로4길 10,33.4991188477435,126.514057327735,오라동,6,한식,단품요리 전문
897,연지정감,제주특별자치도 제주시 구산로 3 1층 2호,33.4843130301323,126.536284607245,아라동,6,한식,가정식
898,소길역,제주특별자치도 제주시 애월읍 소길2길 53,33.4381219234291,126.380290341948,애월읍,1,아시아음식,일식
899,아방도르다,제주특별자치도 제주시 한경면 두신로 68 1층,33.3489739505504,126.182743843163,한경면,6,한식,단품요리 전문
900,투루베이커리,제주특별자치도 제주시 이도공원길 8 1층,33.4964571530525,126.542520806517,이도2동,6,한식,베이커리
901,돈앤정,제주특별자치도 제주시 광양9길 28,33.5006661466773,126.532686889539,이도2동,6,한식,돼지고기
902,비스트로피자 구제주점,제주특별자치도 제주시 오복6길 15 1층,33.4959272789111,126.537926382021,이도2동,5,패스트푸드,피자
903,속에천불청송얼음막걸리동홍점,제주특별자치도 서귀포시 동홍중앙로 73,33.2572215619218,126.571896447658,동홍동,6,한식,가정식
904,재클린디저트모슬포점,제주특별자치도 서귀포시 대정읍 최남단해안로 26-1,33.2181459017299,126.251993823524,대정읍,6,한식,단품요리 전문
905,소소두부,제주특별자치도 제주시 동문로6길 5-2 1층,33.5123540904503,126.528944183238,삼도2동,6,한식,단품요리 전문
906,댄싱포크,제주특별자치도 서귀포시 안덕면 산방로388번길 6,33.2321182382639,126.29513716761,안덕면,2,양식,양식
907,나지금제주,제주특별자치도 제주시 수덕5길 85-5,33.4817790772177,126.471480800615,노형동,6,한식,단품요리 전문
908,듬뿍반점,제주특별자치도 제주시 남광북1길 30,33.4957788278344,126.536657804186,이도2동,1,아시아음식,중식
909,팔각촌,제주특별자치도 제주시 천수로 42 1층,33.5030965636655,126.541468988369,이도2동,6,한식,가정식
910,땡겨김밥,제주특별자치도 서귀포시 효돈로 201,33.2636762381622,126.620335058538,효돈동,6,한식,분식
911,슬레이트룸커피,제주특별자치도 서귀포시 안덕면 덕수서로 169,33.2655817921391,126.30450099232,안덕면,6,한식,단품요리 전문
912,남원수제돈까스,제주특별자치도 서귀포시 남원읍 남한로 10-1,33.2799191985165,126.71793577101,남원읍,6,한식,가정식
913,한질동네,제주특별자치도 제주시 애월읍 일주서로 6699,33.4718957827015,126.367868199343,애월읍,6,한식,가정식
914,애월튀김간,제주특별자치도 제주시 애월읍 애월로 118,33.4644268662081,126.319786358419,애월읍,6,한식,가정식
915,형제낙지,제주특별자치도 제주시 한림읍 명월성로 8 1층,33.4079998341901,126.265842945326,한림읍,6,한식,낙지
916,제주설심당협재점,제주특별자치도 제주시 한림읍 한림로 371 1층,33.3959012113584,126.242853924368,한림읍,6,한식,단품요리 전문
917,푸라닭제주터미널점,제주특별자치도 제주시 남성로2길 7 1층,33.5013893806364,126.513749555612,용담1동,6,한식,치킨
918,사우다드,제주특별자치도 서귀포시 대정읍 하모이삼로51번길 28,33.2256056461107,126.253550195955,대정읍,6,한식,단품요리 전문
919,용팔이막창노형점,제주특별자치도 제주시 월랑로4길 17 천마빌딩 1층,33.4886898653135,126.479018005307,노형동,6,한식,단품요리 전문
920,오레노카츠 제주 화순점,제주특별자치도 서귀포시 안덕면 화순로 119,33.2462470020759,126.333538001733,안덕면,6,한식,단품요리 전문
921,서홀포가든,제주특별자치도 제주시 선사로6길 12,33.5245730604211,126.587268085381,삼양동,6,한식,가정식
922,경성주막1929삼화점,제주특별자치도 제주시 화삼로1길 15 A동 1층,33.5147022625259,126.574088194797,화북동,6,한식,가정식
923,제주통시,제주특별자치도 제주시 구산로 28-1 1층,33.482975954701,126.538552606279,아라동,6,한식,단품요리 전문
924,민들레소반,제주특별자치도 제주시 삼무로11길 3 제주YWCA회관 1층,33.49304114777,126.496116721613,연동,6,한식,가정식
925,더후라이팬제주이도점,제주특별자치도 제주시 전농로 119 트리뷰아일랜드오피스텔 1층 101호,33.5048140133915,126.525829586472,이도1동,5,패스트푸드,치킨
926,고양옥,제주특별자치도 제주시 연신로 78 1층,33.4945808645344,126.548152786765,이도2동,6,한식,가정식
927,칠공삼공식당,제주특별자치도 제주시 한림읍 한림로17길 16,33.4167045884233,126.263442214207,한림읍,6,한식,가정식
928,견우감자탕,제주특별자치도 서귀포시 중앙로 198-26,33.2619161348681,126.561767856267,동홍동,6,한식,감자탕
929,스크류쿨제원점,제주특별자치도 제주시 신광로 44-1,33.4881155329998,126.489739704667,연동,6,한식,단품요리 전문
930,차롱참치,제주특별자치도 서귀포시 신서로48번길 65 지하1층,33.2526980413413,126.512122785826,대륜동,1,아시아음식,참치
931,광양왕소금깡통구이,제주특별자치도 제주시 광양13길 13,33.4992265614392,126.531680684457,이도2동,6,한식,가정식
932,표선풍천장어,제주특별자치도 서귀포시 표선면 표선중앙로90번길 8 1층,33.3251262787576,126.832791898419,표선면,6,한식,장어
933,돌삼집,제주특별자치도 제주시 월랑로4길 28,33.4889982867544,126.479894937079,노형동,6,한식,가정식
934,서중주막,제주특별자치도 서귀포시 남원읍 태위로 685-1,33.279432017797,126.719756827957,남원읍,6,한식,단품요리 전문
935,피자굽는돌하르방,제주특별자치도 제주시 한경면 청수로 218,33.3047735735351,126.255834316399,한경면,5,패스트푸드,피자
936,난타5000피자강정지구점,제주특별자치도 서귀포시 대청로25번길 10-8 1층,33.2531762012346,126.503744047518,대천동,5,패스트푸드,피자
937,못거리가든,제주특별자치도 제주시 한림읍 한림중앙로 283,33.3930236446939,126.277924861002,한림읍,6,한식,가정식
938,주민상회 제주노형점,제주특별자치도 제주시 다랑곶2길 12,33.4880804102746,126.478787086609,노형동,3,주점,주류
939,신산서해닭집,제주특별자치도 제주시 고마로17길 11,33.5060354863018,126.541981379236,일도2동,5,피자.치킨.햄버거,치킨
940,제라진뚝배기갈비찜,제주특별자치도 제주시 도공로 20 1층,33.5045044459763,126.465213630693,도두동,6,한식,갈비
941,제마닭,제주특별자치도 제주시 신성로12길 38,33.4942599220173,126.53214904869,연동,6,한식,가정식
942,경풍식당,제주특별자치도 제주시 오일장중길 55,33.4969609854516,126.473009617871,도두동,6,한식,단품요리 전문
943,돈날개,제주특별자치도 제주시 독짓골2길 1,33.491865023416,126.529483209128,이도2동,6,한식,돼지고기
944,신전떡볶이 용담점,제주특별자치도 제주시 용담로 77 1층,33.5126646140559,126.511031783212,용담2동,4,간식,분식
945,커피욜로,제주특별자치도 제주시 구남로2길 34 1층,33.4867860710658,126.534640015459,이도2동,4,음료,커피
946,곱딱,제주특별자치도 제주시 정존13길 21,33.4863554692479,126.476089181006,노형동,6,한식,가정식
947,첸사부의마라탕포차,제주특별자치도 서귀포시 성산읍 신양로 100,33.4364006068588,126.920366661716,성산읍,1,아시아음식,중식
948,월정리앤카멜리아,제주특별자치도 제주시 구좌읍 월정1길 46-2 1층,33.5553402111836,126.792159030277,구좌읍,6,한식,단품요리 전문
949,산계원,제주특별자치도 서귀포시 안덕면 형제해안로 80,33.2255064258106,126.299304878384,안덕면,6,고기,오리
950,모슬포정미소,제주특별자치도 서귀포시 대정읍 하모중앙로 57-3 1층,33.2229842480574,126.25240126068,대정읍,6,한식,단품요리 전문
951,제주보쌈삼화점,제주특별자치도 제주시 동화로1길 45-14,33.518361765162,126.577704661294,화북동,6,한식,단품요리 전문
952,미경이네포차,제주특별자치도 제주시 중앙로24길 19 1층,33.5059461669944,126.523111327655,삼도2동,6,한식,단품요리 전문
953,별미맛동태,제주특별자치도 제주시 중앙로 275-1 1층,33.4960813463172,126.533159827552,이도2동,6,한식,단품요리 전문
954,한라수제비,제주특별자치도 서귀포시 중앙로 189 지오빌2차아파트 203동 101호,33.2608938121963,126.557829768659,서홍동,6,한식,단품요리 전문
955,한솥도시락제주중문점,제주특별자치도 서귀포시 천제연로 182,33.2516098478975,126.423928847239,중문동,6,한식,도시락
956,콩툰동홍점,제주특별자치도 서귀포시 동홍중앙로 49 프라미스빌딩 5층,33.2550558185613,126.57183575331,동홍동,4,음료,커피
957,옥탑제이,제주특별자치도 서귀포시 동홍로 51,33.2532714068719,126.567407969773,동홍동,6,한식,단품요리 전문
958,카페홍리,제주특별자치도 서귀포시 지장샘로182번길 149,33.26830610711,126.565015632001,동홍동,4,음료,커피
959,씨씨씨카페커브코너,제주특별자치도 서귀포시 홍중로27번길 17 1층,33.2540392415406,126.557543324862,서홍동,6,한식,커피
960,미스터커피베어,제주특별자치도 제주시 용화로 61 1층,33.5094127993632,126.510060554414,용담2동,4,음료,커피
961,천해향,제주특별자치도 제주시 삼봉로 354,33.4915896632732,126.593342695981,봉개동,6,한식,가정식
962,푸라닭제주건입점,제주특별자치도 제주시 동문로 80,33.5135349960154,126.535102290484,일도2동,6,한식,치킨
963,다락방소주방,제주특별자치도 제주시 한림읍 한림북동길 16,33.4164576654778,126.264190309615,한림읍,6,한식,주류
964,통큰뼈감탕,제주특별자치도 제주시 애월읍 하귀동남1길 50-9,33.4854862642595,126.417021203791,애월읍,6,한식,가정식
965,부가네얼큰이 하귀점,제주특별자치도 제주시 애월읍 하귀9길 30 1층,33.4844216622956,126.415890088219,애월읍,6,한식,가정식
966,피엠푸드 신제주점,제주특별자치도 제주시 과원북2길 18,33.4787844379025,126.48401916808,노형동,5,피자.치킨.햄버거,피자
967,곰집해장국,제주특별자치도 제주시 구남로8길 27,33.4897032568894,126.5378407554,이도2동,6,한식,국밥
968,써니킴밥,제주특별자치도 제주시 수덕11길 1,33.4879942424598,126.475970852746,노형동,6,한식,가정식
969,베리웰탑동점,제주특별자치도 제주시 탑동로 13-1 1층,33.516982372981,126.523233008386,삼도2동,6,한식,가정식
970,꼭여기김밥,제주특별자치도 서귀포시 중산간동로 8002-2,33.2648125322469,126.561974483518,동홍동,4,간식,분식
971,HIERBA,제주특별자치도 제주시 조천읍 신촌남1길 33-8,33.5275325978386,126.618851871132,조천읍,6,한식,단품요리 전문
972,요기소바외도점,제주특별자치도 제주시 우령안1길 29 1층,33.486218645662,126.429639183515,외도동,1,아시아음식,일식
973,스몰사운드,제주특별자치도 제주시 연수로3길 5 지하1층,33.5027214442204,126.543504526063,일도2동,6,한식,단품요리 전문
974,여기왕언제먹을래?,제주특별자치도 서귀포시 대정읍 신영로 121 2층,33.2228176840347,126.25446874013,대정읍,6,한식,가정식
975,삼치회사랑,제주특별자치도 제주시 연삼로 355 1층,33.4928895382193,126.53030021031,이도2동,6,한식,가정식
976,애월연어 시청점,제주특별자치도 제주시 중앙로 266 영도갤럭시타운 1층,33.4961300404314,126.531799909918,이도2동,1,아시아음식,일식
977,족황상제 제주표선점,제주특별자치도 서귀포시 표선면 표선동서로 276-1 1층,33.3278737593749,126.834775455283,표선면,6,한식,가정식
978,투다리노형점,제주특별자치도 제주시 성신로1길 11,33.4913120211348,126.486766794958,연동,3,주점및주류판매,꼬치구이
979,미미록,제주특별자치도 제주시 애월읍 일주서로 7087-14 1층,33.4847742884604,126.405973017045,애월읍,6,한식,가정식
980,구이사이,제주특별자치도 제주시 애월읍 신엄9길 2,33.472224249872,126.368544103625,애월읍,6,한식,단품요리 전문
981,카페사분의일,제주특별자치도 제주시 신비마을1길 1-3,33.4462514107646,126.481308715532,노형동,4,카페,커피
982,큰아들 시청점,제주특별자치도 제주시 광양8길 15 1층,33.4996332452184,126.527896701204,이도2동,6,한식,가정식
983,뽕이네각재기3호점서귀포,제주특별자치도 서귀포시 일주동로 8806 1층,33.2541234431007,126.54826130934,서홍동,6,한식,가정식
984,불타는여고24시떡볶이외도점,제주특별자치도 제주시 신성로 19,33.4963298519357,126.52167784939,외도동,4,간식,분식
985,사계오름,제주특별자치도 제주시 복지로3길 2-9,33.4893015575734,126.521650425182,이도2동,6,한식,가정식
986,제주다온,제주특별자치도 제주시 조천읍 북선로 322-15,33.5126383471894,126.695691955732,안덕면,6,한식,가정식
987,제주돌하르방밀면,제주특별자치도 서귀포시 중문관광로 331,33.249866367282,126.430582360097,중문동,6,한식,면류
988,까사디동문,제주특별자치도 제주시 동문로4길 9 동문공설시장 지하 1층 A-5호,33.5120874337174,126.528242265925,일도1동,2,양식,양식
989,더조은치킨서귀포1호점,제주특별자치도 서귀포시 중산간동로 8002-1,33.2649054899395,126.561641845428,동홍동,5,패스트푸드,치킨
990,안녀어랭이,제주특별자치도 서귀포시 남원읍 태위로 725,33.2805927013948,126.723709784534,남원읍,6,한식,단품요리 전문
991,솜빡매생이갈비탕,제주특별자치도 제주시 도공로 26,33.5040151307854,126.465500755934,도두동,6,한식,갈비
992,오태식해바라기치킨  봉개점,제주특별자치도 제주시 봉개서길 7-6 1층,33.4913690966058,126.590457121761,봉개동,5,패스트푸드,치킨
993,카페갤러리앤샵,제주특별자치도 서귀포시 동홍중앙로 58-8 1층,33.2556198087209,126.572628097312,동홍동,4,음료,커피
994,화산양꼬치5호점,제주특별자치도 제주시 인다2길 36,33.4746246530163,126.549756653737,아라동,3,주점 및 주류판매,꼬치구이
995,신토계,제주특별자치도 제주시 연대마을길 15,33.4933171461372,126.426753027159,용담2동,6,한식,가정식
996,민속감자탕,제주특별자치도 제주시 삼무로9길 26,33.4914408718793,126.49453495379,연동,6,한식,감자탕
997,한림별미양곱창한림점,제주특별자치도 제주시 한림읍 한림중앙로 13-2 1층,33.4135119040153,126.264919425808,한림읍,6,한식,곱창
998,정씨네소몰이노형점,제주특별자치도 제주시 원노형남1길 32,33.4838322333204,126.483727676931,노형동,6,한식,가정식
999,노을코지,제주특별자치도 제주시 서해안로 386,33.5129237166257,126.484476173021,용담2동,4,음료,커피
1000,제주갈매기,제주특별자치도 제주시 애월읍 하광로 17 1층,33.4839268586966,126.41209317495,애월읍,6,한식,가정식
1001,한남1990,제주특별자치도 제주시 은남3길 19,33.4871568654918,126.493717449731,연동,6,한식,단품요리 전문
1002,제주닭한마리,제주특별자치도 제주시 연동7길 30 지하 1층,33.4872302576653,126.490528109697,연동,6,한식,치킨
1003,정주네 식당,제주특별자치도 제주시 중앙로1길 22,33.5161417319731,126.527114310935,건입동,6,한식,가정식
1004,호식이두마리치킨 구좌세화점,제주특별자치도 제주시 구좌읍 구좌로 22,33.5234204482473,126.853940392513,구좌읍,5,피자.치킨.햄버거,치킨
1005,커피마마제주연동점,제주특별자치도 제주시 연동7길 8,33.4891930358013,126.490574936439,연동,4,음료,커피
1006,시카고앤비비큐외도점,제주특별자치도 제주시 일주서로 7378,33.4937955416714,126.435218094859,외도동,5,패스트푸드,치킨
1007,황금숯불닭갈비,제주특별자치도 제주시 월랑로10길 25 1층,33.4905873214685,126.477874873408,노형동,6,한식,갈비
1008,야미부대찌개,제주특별자치도 제주시 한경면 녹차분재로 621,33.3239840155816,126.260474145596,한경면,6,한식,단품요리 전문
1009,제주골목국수,제주특별자치도 제주시 신성로 42-1 1층,33.4959934639347,126.523947796971,이도2동,6,한식,면류
1010,그분포차,제주특별자치도 제주시 진군4길 18,33.4767727282012,126.478936678823,노형동,6,한식,가정식
1011,표선그때그집,제주특별자치도 서귀포시 표선면 표선동서로 254-13 1층,33.3264032984197,126.833697547097,표선면,6,한식,가정식
1012,조천밀밀면,제주특별자치도 제주시 조천읍 조와로 366,33.5040983060945,126.6355847083,조천읍,6,한식,면류
1013,쿠키키cookiki,제주특별자치도 제주시 애월읍 하귀로 85 1층,33.4821297500521,126.405540257883,애월읍,6,한식,단품요리 전문
1014,삼화포크,제주특별자치도 제주시 건주로4길 12,33.5160238672994,126.579539683979,삼양동,6,한식,가정식
1015,미스제주가든,제주특별자치도 서귀포시 천제연로 145 1층,33.2532918439536,126.420691829851,중문동,6,한식,가정식
1016,한솥도시락 제주대정점,제주특별자치도 서귀포시 대정읍 하모상가로 35 1층,33.2216714211065,126.252553488658,대정읍,6,한식,도시락
1017,김씨며느리,제주특별자치도 제주시 문송길 25,33.4875354901153,126.4974055849,연동,6,한식,가정식
1018,뜨랑국수,제주특별자치도 서귀포시 신동로67번길 53 1층,33.2582664952292,126.510587136161,대륜동,6,한식,단품요리 전문
1019,봉기네 깡통구이,제주특별자치도 서귀포시 성산읍 고성오조로 38,33.446866609573,126.915190143427,성산읍,6,한식,가정식
1020,세안아구찜,제주특별자치도 제주시 신대로20길 12,33.483854371714,126.495075359805,연동,6,한식,아구찜
1021,두맹이갈비,제주특별자치도 제주시 동문로16길 13,33.5123947974254,126.534441617818,일도2동,6,한식,갈비
1022,옳은치킨,제주특별자치도 제주시 사장길 21,33.4837782299237,126.495750205814,연동,5,패스트푸드,치킨
1023,피자베이 대정점,제주특별자치도 서귀포시 대정읍 하모이삼로 56 1층,33.223390104908,126.253654403039,대정읍,2,양식,양식
1024,어하영,제주특별자치도 제주시 임항로 266,33.5171241615261,126.538193890075,건입동,6,한식,단품요리 전문
1025,카페요람,제주특별자치도 서귀포시 검은여로129번길 13,33.2532484099498,126.583086989026,영천동,4,음료,커피
1026,탤러해시,제주특별자치도 제주시 월랑로 47 1층,33.4894755284887,126.475048177158,노형동,6,한식,단품요리 전문
1027,알통떡강정동홍점,제주특별자치도 서귀포시 동홍중앙로 9,33.2514936272617,126.571879202549,동홍동,5,패스트푸드,치킨
1028,한식의 품격 신제주점,제주특별자치도 제주시 노연로 103,33.4861706480035,126.491369917859,연동,6,한식,가정식
1029,수제홍과일모찌,제주특별자치도 제주시 연동14길 14,33.4844594983502,126.49427381177,연동,4,간식,베이커리
1030,이치류제주점,제주특별자치도 제주시 인다10길 22 1층,33.4742575003859,126.547868097847,아라동,6,한식,가정식
1031,30년할매닭발 한림점,제주특별자치도 제주시 한림읍 한림로 690 1층,33.4163195278179,126.265161319392,한림읍,6,한식,치킨
1032,못동네,제주특별자치도 서귀포시 대포동,33.302605916065,126.454451699705,이도2동,6,한식,가정식
1033,온누리제과,제주특별자치도 서귀포시 대정읍 신영로 117-1,33.2224832261355,126.254279989764,이도2동,4,간식,베이커리
1034,서귀포해장국의전설,제주특별자치도 서귀포시 태평로 87,33.2444313592524,126.532663269921,대륜동,6,한식,해장국
1035,푸라닭제주표선점,제주특별자치도 서귀포시 표선면 표선백사로 111,33.3252967054807,126.836326679748,표선면,6,한식,치킨
1036,엔제리너스천지연폭포점,제주특별자치도 서귀포시 남성중로 2-3,33.2433711750938,126.559683628585,천지동,4,음료,커피
1037,애월한식뷔페,제주특별자치도 제주시 애월읍 애월로 135,33.4641301727471,126.3217148096,애월읍,6,한식,가정식
1038,신삼미식당,제주특별자치도 제주시 조천읍 신조로 45,33.5183320977132,126.624575527459,조천읍,6,한식,단품요리 전문
1039,돈치킨서귀포점,제주특별자치도 서귀포시 중앙로47번길 6 1층,33.2488098861916,126.561031165846,천지동,5,피자.치킨.햄버거,치킨
1040,제주기와,제주특별자치도 제주시 애월읍 광령남4길 45-1 1층,33.4511312379133,126.425421728321,애월읍,6,한식,단품요리 전문
1041,현서네두루치기,제주특별자치도 제주시 화삼로1길 16 1층,33.5147589266927,126.57549318161,화북동,6,한식,가정식
1042,동태 임꺽정,제주특별자치도 제주시 한림읍 한림상로 207,33.4168834790855,126.26835070268,한림읍,6,한식,가정식
1043,휴민속주점,제주특별자치도 제주시 월랑로4길 25,33.4890935978077,126.479575867554,노형동,6,한식,단품요리 전문
1044,북촌손만두 화북삼화점,제주특별자치도 제주시 진남로6길 26 1층,33.5210878441023,126.565871846108,화북동,6,한식,만두
1045,투하포,제주특별자치도 서귀포시 이중섭로 11 2층 206호,33.2470807983266,126.564458845032,정방동,6,한식,단품요리 전문
1046,제주흑돈만두중문,제주특별자치도 서귀포시 이어도로 578-1,33.2359106861013,126.478429287459,중문동,6,한식,만두
1047,저지떡방앗간,제주특별자치도 제주시 한경면 중산간서로 3650,33.3303742703507,126.255476465243,한경면,4,간식,떡/한과
1048,준이순대국밥,제주특별자치도 서귀포시 남원읍 남위남성로 10-2,33.2829908670779,126.707744279076,남원읍,6,한식,국밥
1049,맛깔참죽신제주점,제주특별자치도 제주시 도령로 111 1층,33.4920041104016,126.489195551691,연동,6,한식,단품요리 전문
1050,네네치킨 서귀포 1호점,제주특별자치도 서귀포시 일주동로 8600,33.2548973196834,126.569357361932,동홍동,5,패스트푸드,치킨
1051,하영쓰,제주특별자치도 서귀포시 중앙로 167,33.2595856310716,126.559300519328,서홍동,6,한식,단품요리 전문
1052,피자헛서귀포점,제주특별자치도 서귀포시 일주동로 8590 1층,33.2549689955235,126.570425105845,동홍동,5,패스트푸드,피자
1053,지코바치킨중문점,제주특별자치도 서귀포시 중문상로82번길 15 근린상가 4호,33.2549016577273,126.429480541488,중문동,5,패스트푸드,치킨
1054,와니피자치킨,제주특별자치도 제주시 남성로4길 4,33.5019811317711,126.513621087748,용담1동,5,패스트푸드,치킨
1055,라신비라멘,제주특별자치도 제주시 한림읍 한림해안로 548,33.4378258280729,126.27554508256,한림읍,6,분식,분식
1056,동명리공간,제주특별자치도 제주시 한림읍 한림중앙로 56,33.4097298246791,126.265603067989,한림읍,6,한식,단품요리 전문
1057,주민상회 서광신화점,제주특별자치도 서귀포시 안덕면 녹차분재로 45 1층 102호,33.2898627457323,126.301792669846,안덕면,6,한식,가정식
1058,티바두마리치킨인제점,제주특별자치도 제주시 고마로10길 24,33.5085012433679,126.53773148993,일도2동,5,패스트푸드,치킨
1059,7번가피자제주삼화점,제주특별자치도 제주시 일주동로 394,33.5211193909888,126.587123350156,삼양동,5,패스트푸드,피자
1060,모이세신제주로타리점,제주특별자치도 제주시 귀아랑길 31 1층,33.4908663709107,126.497548394003,연동,6,한식,해장국
1061,삼겹살땡기는날,제주특별자치도 서귀포시 천지로 21,33.2495891972686,126.560478607476,천지동,6,한식,돼지고기
1062,춤추는짜장,제주특별자치도 제주시 한경면 일주서로 4187,33.3402325296453,126.181818700058,한경면,6,한식,중식
1063,만석꾼곰탕,제주특별자치도 제주시 애월읍 항몽로 107,33.4747096385559,126.409265968104,애월읍,6,한식,국밥
1064,돈삼겹아라점,제주특별자치도 제주시 아란8길 7 1층,33.473326885635,126.544768108899,아라동,6,한식,돼지고기
1065,채선당 사계리점,제주특별자치도 서귀포시 안덕면 사계로114번길 54-58,33.2383740278564,126.306238328754,안덕면,6,한식,단품요리 전문
1066,제주공간,제주특별자치도 제주시 노연로 34,33.4857485688839,126.483771289469,노형동,6,한식,단품요리 전문
1067,동모루,제주특별자치도 서귀포시 남원읍 중산간동로 6998,33.2868085639318,126.643204428568,남원읍,6,한식,가정식
1068,순애밀 제빵소,제주특별자치도 서귀포시 표선면 표선중앙로58번길 15-8,33.3266556254099,126.830599357661,표선면,4,간식,베이커리
1069,고홍식당,제주특별자치도 제주시 무근성7길 15,33.5141543252034,126.520049681358,삼도2동,6,한식,단품요리 전문
1070,모네의화원,제주특별자치도 제주시 비월남길 4 1층,33.4813076763341,126.498080433203,연동,4,카페,커피
1071,왕대왓,제주특별자치도 서귀포시 강정동 2801 2층,33.2306436767399,126.483168054237,대천동,6,한식,가정식
1072,이자카야일월,제주특별자치도 제주시 신성로13길 4 2층,33.4995083442916,126.528931016168,이도2동,6,한식,단품요리 전문
1073,설농옥시청점,제주특별자치도 제주시 동광로4길 9-2,33.5006894703558,126.531915265447,이도2동,6,한식,단품요리 전문
1074,가든업,제주특별자치도 제주시 수덕3길 2 1층,33.4866897541385,126.477514028994,노형동,6,한식,고기
1075,신산 1038,제주특별자치도 서귀포시 성산읍 일주동로 5111,33.3805512799909,126.876429546165,성산읍,6,한식,단품요리 전문
1076,창고내음식점,제주특별자치도 서귀포시 안덕면 창천중앙로 55,33.2673617938579,126.369199944697,안덕면,6,한식,가정식
1077,88로스터즈,제주특별자치도 제주시 금산5길 35-1 1층,33.5258590722583,126.563488916467,화북동,6,한식,단품요리 전문
1078,뚱보조개 바다풍경점,제주특별자치도 제주시 동한두기길 39,33.5161692667183,126.514974865186,용담1동,6,한식,단품요리 전문
1079,태화뷔페정식,제주특별자치도 제주시 우정로6길 28,33.4904781308596,126.427961496632,외도동,6,한식,뷔페
1080,커뮤니테이블,제주특별자치도 서귀포시 월평로 15 우측 바깥채,33.2448070570022,126.459283553741,대천동,2,양식,양식
1081,신전떡볶이 신서귀포점,제주특별자치도 서귀포시 김정문화로 47 JS라메르레지던스오피스텔 지하 103호,33.2515799211155,126.509666677143,대륜동,6,분식,분식
1082,민재네황태전문점,제주특별자치도 제주시 삼무로3길 10,33.4904744386004,126.494995191828,연동,6,한식,단품요리 전문
1083,애월더힐,제주특별자치도 제주시 애월읍 유수암로 12,33.4415643080007,126.401550238378,애월읍,6,한식,커피
1084,카페컴피,제주특별자치도 제주시 조천읍 신북로 481-3 2층,33.5435593444775,126.661832266045,조천읍,4,음료,커피
1085,종달미소,제주특별자치도 제주시 구좌읍 종달로 60-15 1층,33.4922787964025,126.894807656656,구좌읍,6,한식,가정식
1086,오규동,제주특별자치도 서귀포시 솜반천로14번길 3 2층,33.2543603866278,126.559163851346,서홍동,1,아시아음식,일식
1087,신전떡볶이 제주인제점,제주특별자치도 제주시 고마로 87 1층,33.5065649945159,126.540934751719,일도2동,6,분식,분식
1088,꾸브라꼬숯불두마리치킨중문점,제주특별자치도 서귀포시 천제연로 266 1층,33.2509764405736,126.433245953015,중문동,5,패스트푸드,치킨
1089,설빙제주함덕점,제주특별자치도 제주시 조천읍 신북로 543 2층,33.5416045078203,126.668027951113,조천읍,4,간식,아이스크림/빙수
1090,불닭공장 함덕점,제주특별자치도 제주시 동화로1길 53-14 1층,33.517632695145,126.577692165924,조천읍,6,한식,치킨
1091,서림향,제주특별자치도 서귀포시 서호호근로 147,33.2604248904221,126.524104217541,대륜동,6,한식,가정식
1092,정부장포차,제주특별자치도 제주시 연삼로 336 1층,33.4918543896138,126.528440897,이도2동,6,한식,가정식
1093,학사대중음식점,제주특별자치도 제주시 서문로4길 13-2,33.5113511633008,126.517906226919,용담1동,6,한식,가정식
1094,만선민물장어,제주특별자치도 서귀포시 천제연로185번길 10 1층,33.2525306519701,126.424800493518,중문동,6,한식,장어
1095,피자클래스중문신시가지점,제주특별자치도 서귀포시 천제연로207번길 14,33.2528115674111,126.427216247672,중문동,5,피자.치킨.햄버거,피자
1096,굽네치킨 제주노형점,제주특별자치도 제주시 정존13길 14,33.4861288506499,126.476803271866,노형동,5,피자.치킨.햄버거,치킨
1097,자연과사람들밀면 제주시점,제주특별자치도 제주시 오라로 136,33.4942411642454,126.517153016512,오라동,6,한식,가정식
1098,노형순창,제주특별자치도 제주시 진군3길 1 1층,33.4774968860591,126.480568741041,노형동,6,한식,가정식
1099,김박사딜리버리,제주특별자치도 제주시 수덕9길 37,33.4858087150986,126.474145179306,노형동,6,한식,가정식
1100,양양밥집,제주특별자치도 제주시 사장길 16,33.4842532347124,126.495495572541,연동,6,한식,가정식
1101,한수풀횟집,제주특별자치도 제주시 한림읍 한림해안로 112,33.4132254274196,126.259575681807,한림읍,6,한식,단품요리 전문
1102,써니왕갈비탕,제주특별자치도 제주시 진남로8길 17-1,33.5205930753907,126.566909068791,화북동,6,고기,갈비
1103,한라생얼큰이아라점,제주특별자치도 제주시 인다2길 30 1층,33.4751898539983,126.549753838005,아라동,6,한식,가정식
1104,대박왕갈비연동점,제주특별자치도 제주시 신광로1길 13,33.4929168087882,126.49332839935,연동,6,한식,갈비
1105,열열이얼큰이,제주특별자치도 서귀포시 이중섭로 11 2층 215호,33.2470807983266,126.564458845032,삼도1동,6,한식,가정식
1106,몽생이,제주특별자치도 제주시 한경면 녹차분재로 628,33.3246878126212,126.260445217652,한경면,6,한식,가정식
1107,라화쿵부 제주점,제주특별자치도 제주시 연동3길 37 2층,33.4865880768705,126.488105206806,연동,1,중식,중식
1108,표선올레식당,제주특별자치도 서귀포시 표선면 표선관정로104번길 6-11,33.3242315675964,126.830444988851,표선면,6,한식,가정식
1109,남문숯불바베큐치킨조수점,제주특별자치도 제주시 한경면 용금로 516,33.3365067740813,126.235033654679,한경면,5,패스트푸드,치킨
1110,오랑우탄면사무소,제주특별자치도 서귀포시 안덕면 산방로 367-1 1층,33.2311401789427,126.29756241689,안덕면,6,한식,단품요리 전문
1111,교래퐁낭,제주특별자치도 제주시 조천읍 남조로 1773 1층,33.425982138932,126.674114084267,조천읍,6,한식,가정식
1112,한림아이스크림할인점,제주특별자치도 제주시 한림읍 한림중앙로 24,33.4126246623201,126.26470823507,한림읍,4,간식,아이스크림/빙수
1113,상효감나무집식당,제주특별자치도 서귀포시 중산간동로 7624,33.273799191478,126.598576404817,영천동,6,한식,가정식
1114,왕고모네식당,제주특별자치도 제주시 신산로 83,33.5064527487497,126.53508430583,일도2동,6,한식,단품요리 전문
1115,오부자갈비탕,제주특별자치도 제주시 금월길 104,33.4798519779167,126.553608244056,아라동,6,한식,갈비
1116,차롱밥상,제주특별자치도 제주시 서광로5길 35,33.5032277346305,126.514211615815,용담1동,6,한식,가정식
1117,원조한라산갈비,제주특별자치도 서귀포시 신서로 44,33.2538772216272,126.505216271305,천지동,6,고기,갈비
1118,연동송림,제주특별자치도 제주시 신대로14길 34,33.4880222470355,126.492975784429,연동,6,한식,단품요리 전문
1119,해원앙,제주특별자치도 제주시 연삼로 457-1,33.4985503683185,126.539110936254,이도2동,6,한식,가정식
1120,호식이두마리치킨 노형뜨란체점,제주특별자치도 제주시 정존7길 28,33.4854458177099,126.474016104381,노형동,5,피자.치킨.햄버거,치킨
1121,제주해마루,제주특별자치도 서귀포시 남원읍 의귀로 187 1층,33.3176204487501,126.714964345202,남원읍,6,한식,가정식
1122,땡겨불닭,제주특별자치도 서귀포시 중앙로42번길 42,33.2490421764451,126.566049702213,중앙동,6,한식,치킨
1123,강명선샤브샤브,제주특별자치도 제주시 귀아랑길 14,33.4922458249305,126.497330596482,연동,6,한식,단품요리 전문
1124,왕생가든,제주특별자치도 제주시 연신로 261-3 1층,33.4823013668652,126.561392110366,아라동,6,한식,고기
1125,케이크를 부탁해 서귀포점,제주특별자치도 서귀포시 중앙로 66 1층,33.250381172561,126.561572299208,중앙동,4,간식,베이커리
1126,용구족발,제주특별자치도 서귀포시 성산읍 고성동서로 66 2층,33.4505197355515,126.91436884487,성산읍,6,고기,보쌈
1127,강윤구스시야,제주특별자치도 제주시 화삼북로 135 2층,33.5172903278702,126.587664656139,삼양동,1,아시아음식,일식
1128,피그누들숩,제주특별자치도 제주시 구좌읍 해맞이해안로 820 1동 1층,33.5545097411753,126.824789107724,구좌읍,6,한식,단품요리 전문
1129,굽네치킨 연동점,제주특별자치도 제주시 연동10길 4 1층,33.4854108246234,126.491774942119,연동,5,패스트푸드,치킨
1130,버거왕만두,제주특별자치도 제주시 천수로 42,33.5030965636655,126.541468988369,일도2동,6,한식,만두
1131,커피보그,제주특별자치도 제주시 국기로 43,33.4783814760927,126.491030812509,연동,6,한식,커피
1132,부가네얼큰이아라점,제주특별자치도 제주시 중앙로 578 1층,33.4715297495206,126.544135038425,아라동,6,한식,가정식
1133,서귀포맛집코다리,제주특별자치도 서귀포시 신서귀로 37,33.2524092748951,126.510729140129,대륜동,6,한식,단품요리 전문
1134,만보민물장어,제주특별자치도 제주시 용두암길 60,33.5123335986272,126.513471362562,용담2동,6,한식,장어
1135,아우름카페,제주특별자치도 제주시 봉개북3길 6 1층,33.4907634602679,126.595635725885,봉개동,4,음료,커피
1136,루루비건,제주특별자치도 제주시 연북로 28 2층,33.4816780028989,126.484364060661,노형동,6,한식,단품요리 전문
1137,루샹,제주특별자치도 제주시 서광로29길 14 1층,33.5015180982644,126.526640157153,이도1동,1,아시아음식,중식
1138,교촌치킨영어교육도시점,제주특별자치도 서귀포시 대정읍 에듀시티로239번길 8,33.2790420956457,126.274323680979,대정읍,5,패스트푸드,치킨
1139,교촌치킨세화점,제주특별자치도 제주시 구좌읍 세평항로 37,33.526600801016,126.854519366632,구좌읍,5,패스트푸드,치킨
1140,금악휴게소,제주특별자치도 제주시 한림읍 용금로 1066,33.3486913618576,126.283627578521,한림읍,6,한식,가정식
1141,뜨레솥밥,제주특별자치도 제주시 애월읍 평화로 2556 1층,33.4359314150521,126.424057189705,애월읍,6,한식,가정식
1142,이자카야 일월,제주특별자치도 제주시 신성로13길 4 2층,33.4995083442916,126.528931016168,이도2동,3,주점,주류
1143,제주와인샵동네,제주특별자치도 제주시 과원북4길 73 1층,33.4812093874695,126.489314865765,연동,3,주점및주류판매,주류
1144,비엔누아즈,제주특별자치도 제주시 신설로 22,33.493895517784,126.543197787331,이도2동,4,간식,베이커리
1145,카페인중독 제주이도점,제주특별자치도 제주시 남광로2길 22 1층 101호,33.4906970276315,126.538212519424,이도2동,4,음료,커피
1146,갯것이,제주특별자치도 제주시 가령로 9 1층,33.5033838868549,126.537100819035,이도2동,6,한식,가정식
1147,Club-JeJu,제주특별자치도 제주시 516로 2695,33.4305556486873,126.583737525344,예래동,2,양식,양식
1148,처갓집양념치킨서귀포점,제주특별자치도 서귀포시 이중섭로 11 삼일아트리움 102호,33.2470807983266,126.564458845032,천지동,5,패스트푸드,치킨
1149,달콤한계단,제주특별자치도 서귀포시 신서로 66 지하 1층,33.2558178100522,126.505515365108,대천동,6,한식,단품요리 전문
1150,신해바라기제2호점,제주특별자치도 제주시 신산로 67,33.5077918563518,126.534213133668,이도2동,6,한식,가정식
1151,까사델마레,제주특별자치도 제주시 한경면 금등3길 2 1층,33.3633338044116,126.195230922804,조천읍,6,한식,단품요리 전문
1152,키친요디,제주특별자치도 제주시 동화로1길 53-13 1층,33.5178573279449,126.577705713095,화북동,6,한식,단품요리 전문
1153,달리는커피 도두점,제주특별자치도 제주시 노형7길 4 1층,33.4810115236517,126.476487486073,도두동,4,음료,커피
1154,피자알볼로제주외도점,제주특별자치도 제주시 우정로 81 104호,33.4853913712558,126.431076175463,외도동,5,패스트푸드,피자
1155,피자베이한림점,제주특별자치도 제주시 한림읍 한림중앙로 27 1층,33.4121881510274,126.265323292026,한림읍,5,패스트푸드,피자
1156,오태식해바라기치킨일도점,제주특별자치도 제주시 고마로17길 4 2층,33.5054644145408,126.541663566494,일도2동,5,패스트푸드,치킨
